[debug] [2026-05-20T06:58:56.594Z] [Firebase Plugin] Activating Firebase extension.
[debug] [2026-05-20T06:59:03.450Z] [Firebase Plugin] requireAuthWrapper
[debug] [2026-05-20T06:59:03.453Z] > command requires scopes: ["email","openid","https://www.googleapis.com/auth/cloudplatformprojects.readonly","https://www.googleapis.com/auth/firebase","https://www.googleapis.com/auth/cloud-platform"]
[debug] [2026-05-20T06:59:03.453Z] > authorizing via signed-in user (ilika.mumbai@gmail.com)
[debug] [2026-05-20T06:59:03.458Z] Checked if tokens are valid: true, expires at: 1779263079201
[debug] [2026-05-20T06:59:03.459Z] Checked if tokens are valid: true, expires at: 1779263079201
[debug] [2026-05-20T06:59:03.459Z] [Firebase Plugin] User found:  ilika.mumbai@gmail.com
[info] [Firebase Plugin] (Core:Project) New user detected, fetching projects
[debug] [2026-05-20T06:59:03.461Z] Checked if tokens are valid: true, expires at: 1779263079201
[debug] [2026-05-20T06:59:03.463Z] >>> [apiv2][query] GET https://firebase.googleapis.com/v1beta1/projects pageSize=1000
[info] [Firebase Plugin] Starting SQL Connect toolkit (version 3.4.5) on port 50002
[debug] [2026-05-20T06:59:04.172Z] 'fdc build' failed with error: Unable to build your SQL Connect schema and connectors (exit code 1): E0520 12:29:04.163986   19152 cmd.go:43] Error loading data connect config: could not find dataconnect.yaml in `c:\Users\Admin\OneDrive\Desktop\kedos-main\dataconnect`
 {"metadata":{"emulator":{"name":"dataconnect"},"message":"'fdc build' failed with error: Unable to build your SQL Connect schema and connectors (exit code 1): E0520 12:29:04.163986   19152 cmd.go:43] Error loading data connect config: could not find dataconnect.yaml in `c:\\Users\\Admin\\OneDrive\\Desktop\\kedos-main\\dataconnect`\n"}}
[debug] [2026-05-20T06:59:04.173Z] Ignoring unsupported arg: auto_download {"metadata":{"emulator":{"name":"dataconnect"},"message":"Ignoring unsupported arg: auto_download"}}
[debug] [2026-05-20T06:59:04.174Z] Ignoring unsupported arg: port {"metadata":{"emulator":{"name":"dataconnect"},"message":"Ignoring unsupported arg: port"}}
[debug] [2026-05-20T06:59:04.174Z] Starting SQL Connect Emulator with command {"binary":"C:\\Users\\Admin\\.cache\\firebase\\emulators\\dataconnect-emulator-3.4.5.exe","args":["--logtostderr","-v=2","dev","--listen=localhost:50002","--config_dir=c:\\Users\\Admin\\OneDrive\\Desktop\\kedos-main\\dataconnect","--enable_output_schema_extensions=true","--enable_output_generated_sdk=true"],"optionalArgs":["listen","config_dir","enable_output_schema_extensions","enable_output_generated_sdk"],"joinArgs":true,"shell":false,"port":9399} {"metadata":{"emulator":{"name":"dataconnect"},"message":"Starting SQL Connect Emulator with command {\"binary\":\"C:\\\\Users\\\\Admin\\\\.cache\\\\firebase\\\\emulators\\\\dataconnect-emulator-3.4.5.exe\",\"args\":[\"--logtostderr\",\"-v=2\",\"dev\",\"--listen=localhost:50002\",\"--config_dir=c:\\\\Users\\\\Admin\\\\OneDrive\\\\Desktop\\\\kedos-main\\\\dataconnect\",\"--enable_output_schema_extensions=true\",\"--enable_output_generated_sdk=true\"],\"optionalArgs\":[\"listen\",\"config_dir\",\"enable_output_schema_extensions\",\"enable_output_generated_sdk\"],\"joinArgs\":true,\"shell\":false,\"port\":9399}"}}
[info] i  dataconnect: SQL Connect Emulator logging to dataconnect-debug.log {"metadata":{"emulator":{"name":"dataconnect"},"message":"SQL Connect Emulator logging to \u001b[1mdataconnect-debug.log\u001b[22m"}}
[debug] [2026-05-20T06:59:04.258Z] <<< [apiv2][status] GET https://firebase.googleapis.com/v1beta1/projects 200
[debug] [2026-05-20T06:59:04.258Z] <<< [apiv2][body] GET https://firebase.googleapis.com/v1beta1/projects [omitted]
[debug] [2026-05-20T06:59:04.347Z] E0520 12:29:04.343586   19356 dev.go:83] Failed to load initial config from "c:\\Users\\Admin\\OneDrive\\Desktop\\kedos-main\\dataconnect": could not find dataconnect.yaml in `c:\Users\Admin\OneDrive\Desktop\kedos-main\dataconnect`
 {"metadata":{"emulator":{"name":"dataconnect"},"message":"E0520 12:29:04.343586   19356 dev.go:83] Failed to load initial config from \"c:\\\\Users\\\\Admin\\\\OneDrive\\\\Desktop\\\\kedos-main\\\\dataconnect\": could not find dataconnect.yaml in `c:\\Users\\Admin\\OneDrive\\Desktop\\kedos-main\\dataconnect`\n"}}
[debug] [2026-05-20T06:59:04.348Z] E0520 12:29:04.347604   19356 watch.go:116] watchAllDir unable to walk dir `c:\Users\Admin\OneDrive\Desktop\kedos-main\dataconnect`: GetFileAttributesEx c:\Users\Admin\OneDrive\Desktop\kedos-main\dataconnect: The system cannot find the file specified.
 {"metadata":{"emulator":{"name":"dataconnect"},"message":"E0520 12:29:04.347604   19356 watch.go:116] watchAllDir unable to walk dir `c:\\Users\\Admin\\OneDrive\\Desktop\\kedos-main\\dataconnect`: GetFileAttributesEx c:\\Users\\Admin\\OneDrive\\Desktop\\kedos-main\\dataconnect: The system cannot find the file specified.\n"}}
[debug] [2026-05-20T06:59:04.411Z] I0520 12:29:04.408027   19356 dev.go:104] Listening on address (HTTP + gRPC): 127.0.0.1:50002
 {"metadata":{"emulator":{"name":"dataconnect"},"message":"I0520 12:29:04.408027   19356 dev.go:104] Listening on address (HTTP + gRPC): 127.0.0.1:50002\n"}}
[error] [Firebase Plugin] error:  {}
[debug] [2026-05-20T06:59:14.354Z] E0520 12:29:14.355330   19356 watch.go:40] Failed to load config from "c:\\Users\\Admin\\OneDrive\\Desktop\\kedos-main\\dataconnect": could not find dataconnect.yaml in `c:\Users\Admin\OneDrive\Desktop\kedos-main\dataconnect`
 {"metadata":{"emulator":{"name":"dataconnect"},"message":"E0520 12:29:14.355330   19356 watch.go:40] Failed to load config from \"c:\\\\Users\\\\Admin\\\\OneDrive\\\\Desktop\\\\kedos-main\\\\dataconnect\": could not find dataconnect.yaml in `c:\\Users\\Admin\\OneDrive\\Desktop\\kedos-main\\dataconnect`\n"}}
[debug] [2026-05-20T06:59:24.353Z] E0520 12:29:24.353693   19356 watch.go:40] Failed to load config from "c:\\Users\\Admin\\OneDrive\\Desktop\\kedos-main\\dataconnect": could not find dataconnect.yaml in `c:\Users\Admin\OneDrive\Desktop\kedos-main\dataconnect`
 {"metadata":{"emulator":{"name":"dataconnect"},"message":"E0520 12:29:24.353693   19356 watch.go:40] Failed to load config from \"c:\\\\Users\\\\Admin\\\\OneDrive\\\\Desktop\\\\kedos-main\\\\dataconnect\": could not find dataconnect.yaml in `c:\\Users\\Admin\\OneDrive\\Desktop\\kedos-main\\dataconnect`\n"}}
[debug] [2026-05-20T06:59:34.354Z] E0520 12:29:34.354198   19356 watch.go:40] Failed to load config from "c:\\Users\\Admin\\OneDrive\\Desktop\\kedos-main\\dataconnect": could not find dataconnect.yaml in `c:\Users\Admin\OneDrive\Desktop\kedos-main\dataconnect`
 {"metadata":{"emulator":{"name":"dataconnect"},"message":"E0520 12:29:34.354198   19356 watch.go:40] Failed to load config from \"c:\\\\Users\\\\Admin\\\\OneDrive\\\\Desktop\\\\kedos-main\\\\dataconnect\": could not find dataconnect.yaml in `c:\\Users\\Admin\\OneDrive\\Desktop\\kedos-main\\dataconnect`\n"}}
[debug] [2026-05-20T06:59:44.690Z] E0520 12:29:44.354128   19356 watch.go:40] Failed to load config from "c:\\Users\\Admin\\OneDrive\\Desktop\\kedos-main\\dataconnect": could not find dataconnect.yaml in `c:\Users\Admin\OneDrive\Desktop\kedos-main\dataconnect`
 {"metadata":{"emulator":{"name":"dataconnect"},"message":"E0520 12:29:44.354128   19356 watch.go:40] Failed to load config from \"c:\\\\Users\\\\Admin\\\\OneDrive\\\\Desktop\\\\kedos-main\\\\dataconnect\": could not find dataconnect.yaml in `c:\\Users\\Admin\\OneDrive\\Desktop\\kedos-main\\dataconnect`\n"}}
[debug] [2026-05-20T06:59:54.353Z] E0520 12:29:54.353485   19356 watch.go:40] Failed to load config from "c:\\Users\\Admin\\OneDrive\\Desktop\\kedos-main\\dataconnect": could not find dataconnect.yaml in `c:\Users\Admin\OneDrive\Desktop\kedos-main\dataconnect`
 {"metadata":{"emulator":{"name":"dataconnect"},"message":"E0520 12:29:54.353485   19356 watch.go:40] Failed to load config from \"c:\\\\Users\\\\Admin\\\\OneDrive\\\\Desktop\\\\kedos-main\\\\dataconnect\": could not find dataconnect.yaml in `c:\\Users\\Admin\\OneDrive\\Desktop\\kedos-main\\dataconnect`\n"}}
[debug] [2026-05-20T07:00:04.353Z] E0520 12:30:04.353594   19356 watch.go:116] watchAllDir unable to walk dir `c:\Users\Admin\OneDrive\Desktop\kedos-main\dataconnect`: GetFileAttributesEx c:\Users\Admin\OneDrive\Desktop\kedos-main\dataconnect: The system cannot find the file specified.
 {"metadata":{"emulator":{"name":"dataconnect"},"message":"E0520 12:30:04.353594   19356 watch.go:116] watchAllDir unable to walk dir `c:\\Users\\Admin\\OneDrive\\Desktop\\kedos-main\\dataconnect`: GetFileAttributesEx c:\\Users\\Admin\\OneDrive\\Desktop\\kedos-main\\dataconnect: The system cannot find the file specified.\n"}}
[debug] [2026-05-20T07:00:04.353Z] E0520 12:30:04.353594   19356 watch.go:40] Failed to load config from "c:\\Users\\Admin\\OneDrive\\Desktop\\kedos-main\\dataconnect": could not find dataconnect.yaml in `c:\Users\Admin\OneDrive\Desktop\kedos-main\dataconnect`
 {"metadata":{"emulator":{"name":"dataconnect"},"message":"E0520 12:30:04.353594   19356 watch.go:40] Failed to load config from \"c:\\\\Users\\\\Admin\\\\OneDrive\\\\Desktop\\\\kedos-main\\\\dataconnect\": could not find dataconnect.yaml in `c:\\Users\\Admin\\OneDrive\\Desktop\\kedos-main\\dataconnect`\n"}}
[debug] [2026-05-20T07:00:14.354Z] E0520 12:30:14.355098   19356 watch.go:40] Failed to load config from "c:\\Users\\Admin\\OneDrive\\Desktop\\kedos-main\\dataconnect": could not find dataconnect.yaml in `c:\Users\Admin\OneDrive\Desktop\kedos-main\dataconnect`
 {"metadata":{"emulator":{"name":"dataconnect"},"message":"E0520 12:30:14.355098   19356 watch.go:40] Failed to load config from \"c:\\\\Users\\\\Admin\\\\OneDrive\\\\Desktop\\\\kedos-main\\\\dataconnect\": could not find dataconnect.yaml in `c:\\Users\\Admin\\OneDrive\\Desktop\\kedos-main\\dataconnect`\n"}}
[debug] [2026-05-20T07:00:24.359Z] E0520 12:30:24.357809   19356 watch.go:40] Failed to load config from "c:\\Users\\Admin\\OneDrive\\Desktop\\kedos-main\\dataconnect": could not find dataconnect.yaml in `c:\Users\Admin\OneDrive\Desktop\kedos-main\dataconnect`
 {"metadata":{"emulator":{"name":"dataconnect"},"message":"E0520 12:30:24.357809   19356 watch.go:40] Failed to load config from \"c:\\\\Users\\\\Admin\\\\OneDrive\\\\Desktop\\\\kedos-main\\\\dataconnect\": could not find dataconnect.yaml in `c:\\Users\\Admin\\OneDrive\\Desktop\\kedos-main\\dataconnect`\n"}}
[debug] [2026-05-20T07:00:34.353Z] E0520 12:30:34.354494   19356 watch.go:40] Failed to load config from "c:\\Users\\Admin\\OneDrive\\Desktop\\kedos-main\\dataconnect": could not find dataconnect.yaml in `c:\Users\Admin\OneDrive\Desktop\kedos-main\dataconnect`
 {"metadata":{"emulator":{"name":"dataconnect"},"message":"E0520 12:30:34.354494   19356 watch.go:40] Failed to load config from \"c:\\\\Users\\\\Admin\\\\OneDrive\\\\Desktop\\\\kedos-main\\\\dataconnect\": could not find dataconnect.yaml in `c:\\Users\\Admin\\OneDrive\\Desktop\\kedos-main\\dataconnect`\n"}}
[debug] [2026-05-20T07:00:44.353Z] E0520 12:30:44.353476   19356 watch.go:40] Failed to load config from "c:\\Users\\Admin\\OneDrive\\Desktop\\kedos-main\\dataconnect": could not find dataconnect.yaml in `c:\Users\Admin\OneDrive\Desktop\kedos-main\dataconnect`
 {"metadata":{"emulator":{"name":"dataconnect"},"message":"E0520 12:30:44.353476   19356 watch.go:40] Failed to load config from \"c:\\\\Users\\\\Admin\\\\OneDrive\\\\Desktop\\\\kedos-main\\\\dataconnect\": could not find dataconnect.yaml in `c:\\Users\\Admin\\OneDrive\\Desktop\\kedos-main\\dataconnect`\n"}}
[debug] [2026-05-20T07:00:54.355Z] E0520 12:30:54.356030   19356 watch.go:40] Failed to load config from "c:\\Users\\Admin\\OneDrive\\Desktop\\kedos-main\\dataconnect": could not find dataconnect.yaml in `c:\Users\Admin\OneDrive\Desktop\kedos-main\dataconnect`
 {"metadata":{"emulator":{"name":"dataconnect"},"message":"E0520 12:30:54.356030   19356 watch.go:40] Failed to load config from \"c:\\\\Users\\\\Admin\\\\OneDrive\\\\Desktop\\\\kedos-main\\\\dataconnect\": could not find dataconnect.yaml in `c:\\Users\\Admin\\OneDrive\\Desktop\\kedos-main\\dataconnect`\n"}}
[debug] [2026-05-20T07:01:04.353Z] E0520 12:31:04.353885   19356 watch.go:116] watchAllDir unable to walk dir `c:\Users\Admin\OneDrive\Desktop\kedos-main\dataconnect`: GetFileAttributesEx c:\Users\Admin\OneDrive\Desktop\kedos-main\dataconnect: The system cannot find the file specified.
 {"metadata":{"emulator":{"name":"dataconnect"},"message":"E0520 12:31:04.353885   19356 watch.go:116] watchAllDir unable to walk dir `c:\\Users\\Admin\\OneDrive\\Desktop\\kedos-main\\dataconnect`: GetFileAttributesEx c:\\Users\\Admin\\OneDrive\\Desktop\\kedos-main\\dataconnect: The system cannot find the file specified.\n"}}
[debug] [2026-05-20T07:01:04.354Z] E0520 12:31:04.353885   19356 watch.go:40] Failed to load config from "c:\\Users\\Admin\\OneDrive\\Desktop\\kedos-main\\dataconnect": could not find dataconnect.yaml in `c:\Users\Admin\OneDrive\Desktop\kedos-main\dataconnect`
 {"metadata":{"emulator":{"name":"dataconnect"},"message":"E0520 12:31:04.353885   19356 watch.go:40] Failed to load config from \"c:\\\\Users\\\\Admin\\\\OneDrive\\\\Desktop\\\\kedos-main\\\\dataconnect\": could not find dataconnect.yaml in `c:\\Users\\Admin\\OneDrive\\Desktop\\kedos-main\\dataconnect`\n"}}
[debug] [2026-05-20T07:01:14.353Z] E0520 12:31:14.354232   19356 watch.go:40] Failed to load config from "c:\\Users\\Admin\\OneDrive\\Desktop\\kedos-main\\dataconnect": could not find dataconnect.yaml in `c:\Users\Admin\OneDrive\Desktop\kedos-main\dataconnect`
 {"metadata":{"emulator":{"name":"dataconnect"},"message":"E0520 12:31:14.354232   19356 watch.go:40] Failed to load config from \"c:\\\\Users\\\\Admin\\\\OneDrive\\\\Desktop\\\\kedos-main\\\\dataconnect\": could not find dataconnect.yaml in `c:\\Users\\Admin\\OneDrive\\Desktop\\kedos-main\\dataconnect`\n"}}
[debug] [2026-05-20T07:01:24.354Z] E0520 12:31:24.353874   19356 watch.go:40] Failed to load config from "c:\\Users\\Admin\\OneDrive\\Desktop\\kedos-main\\dataconnect": could not find dataconnect.yaml in `c:\Users\Admin\OneDrive\Desktop\kedos-main\dataconnect`
 {"metadata":{"emulator":{"name":"dataconnect"},"message":"E0520 12:31:24.353874   19356 watch.go:40] Failed to load config from \"c:\\\\Users\\\\Admin\\\\OneDrive\\\\Desktop\\\\kedos-main\\\\dataconnect\": could not find dataconnect.yaml in `c:\\Users\\Admin\\OneDrive\\Desktop\\kedos-main\\dataconnect`\n"}}
[debug] [2026-05-20T07:01:34.354Z] E0520 12:31:34.354390   19356 watch.go:40] Failed to load config from "c:\\Users\\Admin\\OneDrive\\Desktop\\kedos-main\\dataconnect": could not find dataconnect.yaml in `c:\Users\Admin\OneDrive\Desktop\kedos-main\dataconnect`
 {"metadata":{"emulator":{"name":"dataconnect"},"message":"E0520 12:31:34.354390   19356 watch.go:40] Failed to load config from \"c:\\\\Users\\\\Admin\\\\OneDrive\\\\Desktop\\\\kedos-main\\\\dataconnect\": could not find dataconnect.yaml in `c:\\Users\\Admin\\OneDrive\\Desktop\\kedos-main\\dataconnect`\n"}}
[debug] [2026-05-20T07:01:44.354Z] E0520 12:31:44.354764   19356 watch.go:40] Failed to load config from "c:\\Users\\Admin\\OneDrive\\Desktop\\kedos-main\\dataconnect": could not find dataconnect.yaml in `c:\Users\Admin\OneDrive\Desktop\kedos-main\dataconnect`
 {"metadata":{"emulator":{"name":"dataconnect"},"message":"E0520 12:31:44.354764   19356 watch.go:40] Failed to load config from \"c:\\\\Users\\\\Admin\\\\OneDrive\\\\Desktop\\\\kedos-main\\\\dataconnect\": could not find dataconnect.yaml in `c:\\Users\\Admin\\OneDrive\\Desktop\\kedos-main\\dataconnect`\n"}}
[debug] [2026-05-20T07:01:54.354Z] E0520 12:31:54.354069   19356 watch.go:40] Failed to load config from "c:\\Users\\Admin\\OneDrive\\Desktop\\kedos-main\\dataconnect": could not find dataconnect.yaml in `c:\Users\Admin\OneDrive\Desktop\kedos-main\dataconnect`
 {"metadata":{"emulator":{"name":"dataconnect"},"message":"E0520 12:31:54.354069   19356 watch.go:40] Failed to load config from \"c:\\\\Users\\\\Admin\\\\OneDrive\\\\Desktop\\\\kedos-main\\\\dataconnect\": could not find dataconnect.yaml in `c:\\Users\\Admin\\OneDrive\\Desktop\\kedos-main\\dataconnect`\n"}}
[debug] [2026-05-20T07:02:04.353Z] E0520 12:32:04.353707   19356 watch.go:116] watchAllDir unable to walk dir `c:\Users\Admin\OneDrive\Desktop\kedos-main\dataconnect`: GetFileAttributesEx c:\Users\Admin\OneDrive\Desktop\kedos-main\dataconnect: The system cannot find the file specified.
 {"metadata":{"emulator":{"name":"dataconnect"},"message":"E0520 12:32:04.353707   19356 watch.go:116] watchAllDir unable to walk dir `c:\\Users\\Admin\\OneDrive\\Desktop\\kedos-main\\dataconnect`: GetFileAttributesEx c:\\Users\\Admin\\OneDrive\\Desktop\\kedos-main\\dataconnect: The system cannot find the file specified.\n"}}
[debug] [2026-05-20T07:02:04.354Z] E0520 12:32:04.353707   19356 watch.go:40] Failed to load config from "c:\\Users\\Admin\\OneDrive\\Desktop\\kedos-main\\dataconnect": could not find dataconnect.yaml in `c:\Users\Admin\OneDrive\Desktop\kedos-main\dataconnect`
 {"metadata":{"emulator":{"name":"dataconnect"},"message":"E0520 12:32:04.353707   19356 watch.go:40] Failed to load config from \"c:\\\\Users\\\\Admin\\\\OneDrive\\\\Desktop\\\\kedos-main\\\\dataconnect\": could not find dataconnect.yaml in `c:\\Users\\Admin\\OneDrive\\Desktop\\kedos-main\\dataconnect`\n"}}
[debug] [2026-05-20T07:02:14.353Z] E0520 12:32:14.353769   19356 watch.go:40] Failed to load config from "c:\\Users\\Admin\\OneDrive\\Desktop\\kedos-main\\dataconnect": could not find dataconnect.yaml in `c:\Users\Admin\OneDrive\Desktop\kedos-main\dataconnect`
 {"metadata":{"emulator":{"name":"dataconnect"},"message":"E0520 12:32:14.353769   19356 watch.go:40] Failed to load config from \"c:\\\\Users\\\\Admin\\\\OneDrive\\\\Desktop\\\\kedos-main\\\\dataconnect\": could not find dataconnect.yaml in `c:\\Users\\Admin\\OneDrive\\Desktop\\kedos-main\\dataconnect`\n"}}
[debug] [2026-05-20T07:02:24.354Z] E0520 12:32:24.354111   19356 watch.go:40] Failed to load config from "c:\\Users\\Admin\\OneDrive\\Desktop\\kedos-main\\dataconnect": could not find dataconnect.yaml in `c:\Users\Admin\OneDrive\Desktop\kedos-main\dataconnect`
 {"metadata":{"emulator":{"name":"dataconnect"},"message":"E0520 12:32:24.354111   19356 watch.go:40] Failed to load config from \"c:\\\\Users\\\\Admin\\\\OneDrive\\\\Desktop\\\\kedos-main\\\\dataconnect\": could not find dataconnect.yaml in `c:\\Users\\Admin\\OneDrive\\Desktop\\kedos-main\\dataconnect`\n"}}
[debug] [2026-05-20T07:02:34.354Z] E0520 12:32:34.354303   19356 watch.go:40] Failed to load config from "c:\\Users\\Admin\\OneDrive\\Desktop\\kedos-main\\dataconnect": could not find dataconnect.yaml in `c:\Users\Admin\OneDrive\Desktop\kedos-main\dataconnect`
 {"metadata":{"emulator":{"name":"dataconnect"},"message":"E0520 12:32:34.354303   19356 watch.go:40] Failed to load config from \"c:\\\\Users\\\\Admin\\\\OneDrive\\\\Desktop\\\\kedos-main\\\\dataconnect\": could not find dataconnect.yaml in `c:\\Users\\Admin\\OneDrive\\Desktop\\kedos-main\\dataconnect`\n"}}
[debug] [2026-05-20T07:02:44.353Z] E0520 12:32:44.353648   19356 watch.go:40] Failed to load config from "c:\\Users\\Admin\\OneDrive\\Desktop\\kedos-main\\dataconnect": could not find dataconnect.yaml in `c:\Users\Admin\OneDrive\Desktop\kedos-main\dataconnect`
 {"metadata":{"emulator":{"name":"dataconnect"},"message":"E0520 12:32:44.353648   19356 watch.go:40] Failed to load config from \"c:\\\\Users\\\\Admin\\\\OneDrive\\\\Desktop\\\\kedos-main\\\\dataconnect\": could not find dataconnect.yaml in `c:\\Users\\Admin\\OneDrive\\Desktop\\kedos-main\\dataconnect`\n"}}
[debug] [2026-05-20T07:02:54.353Z] E0520 12:32:54.353633   19356 watch.go:40] Failed to load config from "c:\\Users\\Admin\\OneDrive\\Desktop\\kedos-main\\dataconnect": could not find dataconnect.yaml in `c:\Users\Admin\OneDrive\Desktop\kedos-main\dataconnect`
 {"metadata":{"emulator":{"name":"dataconnect"},"message":"E0520 12:32:54.353633   19356 watch.go:40] Failed to load config from \"c:\\\\Users\\\\Admin\\\\OneDrive\\\\Desktop\\\\kedos-main\\\\dataconnect\": could not find dataconnect.yaml in `c:\\Users\\Admin\\OneDrive\\Desktop\\kedos-main\\dataconnect`\n"}}
[debug] [2026-05-20T07:03:04.353Z] E0520 12:33:04.353905   19356 watch.go:116] watchAllDir unable to walk dir `c:\Users\Admin\OneDrive\Desktop\kedos-main\dataconnect`: GetFileAttributesEx c:\Users\Admin\OneDrive\Desktop\kedos-main\dataconnect: The system cannot find the file specified.
 {"metadata":{"emulator":{"name":"dataconnect"},"message":"E0520 12:33:04.353905   19356 watch.go:116] watchAllDir unable to walk dir `c:\\Users\\Admin\\OneDrive\\Desktop\\kedos-main\\dataconnect`: GetFileAttributesEx c:\\Users\\Admin\\OneDrive\\Desktop\\kedos-main\\dataconnect: The system cannot find the file specified.\n"}}
[debug] [2026-05-20T07:03:04.354Z] E0520 12:33:04.353905   19356 watch.go:40] Failed to load config from "c:\\Users\\Admin\\OneDrive\\Desktop\\kedos-main\\dataconnect": could not find dataconnect.yaml in `c:\Users\Admin\OneDrive\Desktop\kedos-main\dataconnect`
 {"metadata":{"emulator":{"name":"dataconnect"},"message":"E0520 12:33:04.353905   19356 watch.go:40] Failed to load config from \"c:\\\\Users\\\\Admin\\\\OneDrive\\\\Desktop\\\\kedos-main\\\\dataconnect\": could not find dataconnect.yaml in `c:\\Users\\Admin\\OneDrive\\Desktop\\kedos-main\\dataconnect`\n"}}
[debug] [2026-05-20T07:03:14.354Z] E0520 12:33:14.354596   19356 watch.go:40] Failed to load config from "c:\\Users\\Admin\\OneDrive\\Desktop\\kedos-main\\dataconnect": could not find dataconnect.yaml in `c:\Users\Admin\OneDrive\Desktop\kedos-main\dataconnect`
 {"metadata":{"emulator":{"name":"dataconnect"},"message":"E0520 12:33:14.354596   19356 watch.go:40] Failed to load config from \"c:\\\\Users\\\\Admin\\\\OneDrive\\\\Desktop\\\\kedos-main\\\\dataconnect\": could not find dataconnect.yaml in `c:\\Users\\Admin\\OneDrive\\Desktop\\kedos-main\\dataconnect`\n"}}
[debug] [2026-05-20T07:03:24.354Z] E0520 12:33:24.354075   19356 watch.go:40] Failed to load config from "c:\\Users\\Admin\\OneDrive\\Desktop\\kedos-main\\dataconnect": could not find dataconnect.yaml in `c:\Users\Admin\OneDrive\Desktop\kedos-main\dataconnect`
 {"metadata":{"emulator":{"name":"dataconnect"},"message":"E0520 12:33:24.354075   19356 watch.go:40] Failed to load config from \"c:\\\\Users\\\\Admin\\\\OneDrive\\\\Desktop\\\\kedos-main\\\\dataconnect\": could not find dataconnect.yaml in `c:\\Users\\Admin\\OneDrive\\Desktop\\kedos-main\\dataconnect`\n"}}
[debug] [2026-05-20T07:03:34.354Z] E0520 12:33:34.353971   19356 watch.go:40] Failed to load config from "c:\\Users\\Admin\\OneDrive\\Desktop\\kedos-main\\dataconnect": could not find dataconnect.yaml in `c:\Users\Admin\OneDrive\Desktop\kedos-main\dataconnect`
 {"metadata":{"emulator":{"name":"dataconnect"},"message":"E0520 12:33:34.353971   19356 watch.go:40] Failed to load config from \"c:\\\\Users\\\\Admin\\\\OneDrive\\\\Desktop\\\\kedos-main\\\\dataconnect\": could not find dataconnect.yaml in `c:\\Users\\Admin\\OneDrive\\Desktop\\kedos-main\\dataconnect`\n"}}
[debug] [2026-05-20T07:03:44.354Z] E0520 12:33:44.354181   19356 watch.go:40] Failed to load config from "c:\\Users\\Admin\\OneDrive\\Desktop\\kedos-main\\dataconnect": could not find dataconnect.yaml in `c:\Users\Admin\OneDrive\Desktop\kedos-main\dataconnect`
 {"metadata":{"emulator":{"name":"dataconnect"},"message":"E0520 12:33:44.354181   19356 watch.go:40] Failed to load config from \"c:\\\\Users\\\\Admin\\\\OneDrive\\\\Desktop\\\\kedos-main\\\\dataconnect\": could not find dataconnect.yaml in `c:\\Users\\Admin\\OneDrive\\Desktop\\kedos-main\\dataconnect`\n"}}
[debug] [2026-05-20T07:03:54.354Z] E0520 12:33:54.354037   19356 watch.go:40] Failed to load config from "c:\\Users\\Admin\\OneDrive\\Desktop\\kedos-main\\dataconnect": could not find dataconnect.yaml in `c:\Users\Admin\OneDrive\Desktop\kedos-main\dataconnect`
 {"metadata":{"emulator":{"name":"dataconnect"},"message":"E0520 12:33:54.354037   19356 watch.go:40] Failed to load config from \"c:\\\\Users\\\\Admin\\\\OneDrive\\\\Desktop\\\\kedos-main\\\\dataconnect\": could not find dataconnect.yaml in `c:\\Users\\Admin\\OneDrive\\Desktop\\kedos-main\\dataconnect`\n"}}
[debug] [2026-05-20T07:04:04.380Z] E0520 12:34:04.380538   19356 watch.go:116] watchAllDir unable to walk dir `c:\Users\Admin\OneDrive\Desktop\kedos-main\dataconnect`: GetFileAttributesEx c:\Users\Admin\OneDrive\Desktop\kedos-main\dataconnect: The system cannot find the file specified.
 {"metadata":{"emulator":{"name":"dataconnect"},"message":"E0520 12:34:04.380538   19356 watch.go:116] watchAllDir unable to walk dir `c:\\Users\\Admin\\OneDrive\\Desktop\\kedos-main\\dataconnect`: GetFileAttributesEx c:\\Users\\Admin\\OneDrive\\Desktop\\kedos-main\\dataconnect: The system cannot find the file specified.\n"}}
[debug] [2026-05-20T07:04:04.383Z] E0520 12:34:04.383532   19356 watch.go:40] Failed to load config from "c:\\Users\\Admin\\OneDrive\\Desktop\\kedos-main\\dataconnect": could not find dataconnect.yaml in `c:\Users\Admin\OneDrive\Desktop\kedos-main\dataconnect`
 {"metadata":{"emulator":{"name":"dataconnect"},"message":"E0520 12:34:04.383532   19356 watch.go:40] Failed to load config from \"c:\\\\Users\\\\Admin\\\\OneDrive\\\\Desktop\\\\kedos-main\\\\dataconnect\": could not find dataconnect.yaml in `c:\\Users\\Admin\\OneDrive\\Desktop\\kedos-main\\dataconnect`\n"}}
[debug] [2026-05-20T07:04:14.354Z] E0520 12:34:14.354440   19356 watch.go:40] Failed to load config from "c:\\Users\\Admin\\OneDrive\\Desktop\\kedos-main\\dataconnect": could not find dataconnect.yaml in `c:\Users\Admin\OneDrive\Desktop\kedos-main\dataconnect`
 {"metadata":{"emulator":{"name":"dataconnect"},"message":"E0520 12:34:14.354440   19356 watch.go:40] Failed to load config from \"c:\\\\Users\\\\Admin\\\\OneDrive\\\\Desktop\\\\kedos-main\\\\dataconnect\": could not find dataconnect.yaml in `c:\\Users\\Admin\\OneDrive\\Desktop\\kedos-main\\dataconnect`\n"}}
[debug] [2026-05-20T07:04:24.353Z] E0520 12:34:24.353656   19356 watch.go:40] Failed to load config from "c:\\Users\\Admin\\OneDrive\\Desktop\\kedos-main\\dataconnect": could not find dataconnect.yaml in `c:\Users\Admin\OneDrive\Desktop\kedos-main\dataconnect`
 {"metadata":{"emulator":{"name":"dataconnect"},"message":"E0520 12:34:24.353656   19356 watch.go:40] Failed to load config from \"c:\\\\Users\\\\Admin\\\\OneDrive\\\\Desktop\\\\kedos-main\\\\dataconnect\": could not find dataconnect.yaml in `c:\\Users\\Admin\\OneDrive\\Desktop\\kedos-main\\dataconnect`\n"}}
[debug] [2026-05-20T07:04:34.354Z] E0520 12:34:34.354591   19356 watch.go:40] Failed to load config from "c:\\Users\\Admin\\OneDrive\\Desktop\\kedos-main\\dataconnect": could not find dataconnect.yaml in `c:\Users\Admin\OneDrive\Desktop\kedos-main\dataconnect`
 {"metadata":{"emulator":{"name":"dataconnect"},"message":"E0520 12:34:34.354591   19356 watch.go:40] Failed to load config from \"c:\\\\Users\\\\Admin\\\\OneDrive\\\\Desktop\\\\kedos-main\\\\dataconnect\": could not find dataconnect.yaml in `c:\\Users\\Admin\\OneDrive\\Desktop\\kedos-main\\dataconnect`\n"}}
[debug] [2026-05-20T07:04:44.353Z] E0520 12:34:44.353900   19356 watch.go:40] Failed to load config from "c:\\Users\\Admin\\OneDrive\\Desktop\\kedos-main\\dataconnect": could not find dataconnect.yaml in `c:\Users\Admin\OneDrive\Desktop\kedos-main\dataconnect`
 {"metadata":{"emulator":{"name":"dataconnect"},"message":"E0520 12:34:44.353900   19356 watch.go:40] Failed to load config from \"c:\\\\Users\\\\Admin\\\\OneDrive\\\\Desktop\\\\kedos-main\\\\dataconnect\": could not find dataconnect.yaml in `c:\\Users\\Admin\\OneDrive\\Desktop\\kedos-main\\dataconnect`\n"}}
[debug] [2026-05-20T07:04:54.354Z] E0520 12:34:54.354192   19356 watch.go:40] Failed to load config from "c:\\Users\\Admin\\OneDrive\\Desktop\\kedos-main\\dataconnect": could not find dataconnect.yaml in `c:\Users\Admin\OneDrive\Desktop\kedos-main\dataconnect`
 {"metadata":{"emulator":{"name":"dataconnect"},"message":"E0520 12:34:54.354192   19356 watch.go:40] Failed to load config from \"c:\\\\Users\\\\Admin\\\\OneDrive\\\\Desktop\\\\kedos-main\\\\dataconnect\": could not find dataconnect.yaml in `c:\\Users\\Admin\\OneDrive\\Desktop\\kedos-main\\dataconnect`\n"}}
[debug] [2026-05-20T07:05:04.354Z] E0520 12:35:04.354156   19356 watch.go:116] watchAllDir unable to walk dir `c:\Users\Admin\OneDrive\Desktop\kedos-main\dataconnect`: GetFileAttributesEx c:\Users\Admin\OneDrive\Desktop\kedos-main\dataconnect: The system cannot find the file specified.
 {"metadata":{"emulator":{"name":"dataconnect"},"message":"E0520 12:35:04.354156   19356 watch.go:116] watchAllDir unable to walk dir `c:\\Users\\Admin\\OneDrive\\Desktop\\kedos-main\\dataconnect`: GetFileAttributesEx c:\\Users\\Admin\\OneDrive\\Desktop\\kedos-main\\dataconnect: The system cannot find the file specified.\n"}}
[debug] [2026-05-20T07:05:04.355Z] E0520 12:35:04.354156   19356 watch.go:40] Failed to load config from "c:\\Users\\Admin\\OneDrive\\Desktop\\kedos-main\\dataconnect": could not find dataconnect.yaml in `c:\Users\Admin\OneDrive\Desktop\kedos-main\dataconnect`
 {"metadata":{"emulator":{"name":"dataconnect"},"message":"E0520 12:35:04.354156   19356 watch.go:40] Failed to load config from \"c:\\\\Users\\\\Admin\\\\OneDrive\\\\Desktop\\\\kedos-main\\\\dataconnect\": could not find dataconnect.yaml in `c:\\Users\\Admin\\OneDrive\\Desktop\\kedos-main\\dataconnect`\n"}}
[debug] [2026-05-20T07:05:14.354Z] E0520 12:35:14.354234   19356 watch.go:40] Failed to load config from "c:\\Users\\Admin\\OneDrive\\Desktop\\kedos-main\\dataconnect": could not find dataconnect.yaml in `c:\Users\Admin\OneDrive\Desktop\kedos-main\dataconnect`
 {"metadata":{"emulator":{"name":"dataconnect"},"message":"E0520 12:35:14.354234   19356 watch.go:40] Failed to load config from \"c:\\\\Users\\\\Admin\\\\OneDrive\\\\Desktop\\\\kedos-main\\\\dataconnect\": could not find dataconnect.yaml in `c:\\Users\\Admin\\OneDrive\\Desktop\\kedos-main\\dataconnect`\n"}}
[debug] [2026-05-20T07:05:24.355Z] E0520 12:35:24.354367   19356 watch.go:40] Failed to load config from "c:\\Users\\Admin\\OneDrive\\Desktop\\kedos-main\\dataconnect": could not find dataconnect.yaml in `c:\Users\Admin\OneDrive\Desktop\kedos-main\dataconnect`
 {"metadata":{"emulator":{"name":"dataconnect"},"message":"E0520 12:35:24.354367   19356 watch.go:40] Failed to load config from \"c:\\\\Users\\\\Admin\\\\OneDrive\\\\Desktop\\\\kedos-main\\\\dataconnect\": could not find dataconnect.yaml in `c:\\Users\\Admin\\OneDrive\\Desktop\\kedos-main\\dataconnect`\n"}}
[debug] [2026-05-20T07:05:34.355Z] E0520 12:35:34.354533   19356 watch.go:40] Failed to load config from "c:\\Users\\Admin\\OneDrive\\Desktop\\kedos-main\\dataconnect": could not find dataconnect.yaml in `c:\Users\Admin\OneDrive\Desktop\kedos-main\dataconnect`
 {"metadata":{"emulator":{"name":"dataconnect"},"message":"E0520 12:35:34.354533   19356 watch.go:40] Failed to load config from \"c:\\\\Users\\\\Admin\\\\OneDrive\\\\Desktop\\\\kedos-main\\\\dataconnect\": could not find dataconnect.yaml in `c:\\Users\\Admin\\OneDrive\\Desktop\\kedos-main\\dataconnect`\n"}}
[debug] [2026-05-20T07:05:44.354Z] E0520 12:35:44.354213   19356 watch.go:40] Failed to load config from "c:\\Users\\Admin\\OneDrive\\Desktop\\kedos-main\\dataconnect": could not find dataconnect.yaml in `c:\Users\Admin\OneDrive\Desktop\kedos-main\dataconnect`
 {"metadata":{"emulator":{"name":"dataconnect"},"message":"E0520 12:35:44.354213   19356 watch.go:40] Failed to load config from \"c:\\\\Users\\\\Admin\\\\OneDrive\\\\Desktop\\\\kedos-main\\\\dataconnect\": could not find dataconnect.yaml in `c:\\Users\\Admin\\OneDrive\\Desktop\\kedos-main\\dataconnect`\n"}}
[debug] [2026-05-20T07:05:54.885Z] E0520 12:35:54.353956   19356 watch.go:40] Failed to load config from "c:\\Users\\Admin\\OneDrive\\Desktop\\kedos-main\\dataconnect": could not find dataconnect.yaml in `c:\Users\Admin\OneDrive\Desktop\kedos-main\dataconnect`
 {"metadata":{"emulator":{"name":"dataconnect"},"message":"E0520 12:35:54.353956   19356 watch.go:40] Failed to load config from \"c:\\\\Users\\\\Admin\\\\OneDrive\\\\Desktop\\\\kedos-main\\\\dataconnect\": could not find dataconnect.yaml in `c:\\Users\\Admin\\OneDrive\\Desktop\\kedos-main\\dataconnect`\n"}}
[debug] [2026-05-20T07:06:04.353Z] E0520 12:36:04.354328   19356 watch.go:116] watchAllDir unable to walk dir `c:\Users\Admin\OneDrive\Desktop\kedos-main\dataconnect`: GetFileAttributesEx c:\Users\Admin\OneDrive\Desktop\kedos-main\dataconnect: The system cannot find the file specified.
 {"metadata":{"emulator":{"name":"dataconnect"},"message":"E0520 12:36:04.354328   19356 watch.go:116] watchAllDir unable to walk dir `c:\\Users\\Admin\\OneDrive\\Desktop\\kedos-main\\dataconnect`: GetFileAttributesEx c:\\Users\\Admin\\OneDrive\\Desktop\\kedos-main\\dataconnect: The system cannot find the file specified.\n"}}
[debug] [2026-05-20T07:06:04.354Z] E0520 12:36:04.354328   19356 watch.go:40] Failed to load config from "c:\\Users\\Admin\\OneDrive\\Desktop\\kedos-main\\dataconnect": could not find dataconnect.yaml in `c:\Users\Admin\OneDrive\Desktop\kedos-main\dataconnect`
 {"metadata":{"emulator":{"name":"dataconnect"},"message":"E0520 12:36:04.354328   19356 watch.go:40] Failed to load config from \"c:\\\\Users\\\\Admin\\\\OneDrive\\\\Desktop\\\\kedos-main\\\\dataconnect\": could not find dataconnect.yaml in `c:\\Users\\Admin\\OneDrive\\Desktop\\kedos-main\\dataconnect`\n"}}
[debug] [2026-05-20T07:06:14.353Z] E0520 12:36:14.353647   19356 watch.go:40] Failed to load config from "c:\\Users\\Admin\\OneDrive\\Desktop\\kedos-main\\dataconnect": could not find dataconnect.yaml in `c:\Users\Admin\OneDrive\Desktop\kedos-main\dataconnect`
 {"metadata":{"emulator":{"name":"dataconnect"},"message":"E0520 12:36:14.353647   19356 watch.go:40] Failed to load config from \"c:\\\\Users\\\\Admin\\\\OneDrive\\\\Desktop\\\\kedos-main\\\\dataconnect\": could not find dataconnect.yaml in `c:\\Users\\Admin\\OneDrive\\Desktop\\kedos-main\\dataconnect`\n"}}
[debug] [2026-05-20T07:06:24.354Z] E0520 12:36:24.354323   19356 watch.go:40] Failed to load config from "c:\\Users\\Admin\\OneDrive\\Desktop\\kedos-main\\dataconnect": could not find dataconnect.yaml in `c:\Users\Admin\OneDrive\Desktop\kedos-main\dataconnect`
 {"metadata":{"emulator":{"name":"dataconnect"},"message":"E0520 12:36:24.354323   19356 watch.go:40] Failed to load config from \"c:\\\\Users\\\\Admin\\\\OneDrive\\\\Desktop\\\\kedos-main\\\\dataconnect\": could not find dataconnect.yaml in `c:\\Users\\Admin\\OneDrive\\Desktop\\kedos-main\\dataconnect`\n"}}
[debug] [2026-05-20T07:06:34.353Z] E0520 12:36:34.353458   19356 watch.go:40] Failed to load config from "c:\\Users\\Admin\\OneDrive\\Desktop\\kedos-main\\dataconnect": could not find dataconnect.yaml in `c:\Users\Admin\OneDrive\Desktop\kedos-main\dataconnect`
 {"metadata":{"emulator":{"name":"dataconnect"},"message":"E0520 12:36:34.353458   19356 watch.go:40] Failed to load config from \"c:\\\\Users\\\\Admin\\\\OneDrive\\\\Desktop\\\\kedos-main\\\\dataconnect\": could not find dataconnect.yaml in `c:\\Users\\Admin\\OneDrive\\Desktop\\kedos-main\\dataconnect`\n"}}
[debug] [2026-05-20T07:06:44.353Z] E0520 12:36:44.353518   19356 watch.go:40] Failed to load config from "c:\\Users\\Admin\\OneDrive\\Desktop\\kedos-main\\dataconnect": could not find dataconnect.yaml in `c:\Users\Admin\OneDrive\Desktop\kedos-main\dataconnect`
 {"metadata":{"emulator":{"name":"dataconnect"},"message":"E0520 12:36:44.353518   19356 watch.go:40] Failed to load config from \"c:\\\\Users\\\\Admin\\\\OneDrive\\\\Desktop\\\\kedos-main\\\\dataconnect\": could not find dataconnect.yaml in `c:\\Users\\Admin\\OneDrive\\Desktop\\kedos-main\\dataconnect`\n"}}
[debug] [2026-05-20T07:06:54.353Z] E0520 12:36:54.354152   19356 watch.go:40] Failed to load config from "c:\\Users\\Admin\\OneDrive\\Desktop\\kedos-main\\dataconnect": could not find dataconnect.yaml in `c:\Users\Admin\OneDrive\Desktop\kedos-main\dataconnect`
 {"metadata":{"emulator":{"name":"dataconnect"},"message":"E0520 12:36:54.354152   19356 watch.go:40] Failed to load config from \"c:\\\\Users\\\\Admin\\\\OneDrive\\\\Desktop\\\\kedos-main\\\\dataconnect\": could not find dataconnect.yaml in `c:\\Users\\Admin\\OneDrive\\Desktop\\kedos-main\\dataconnect`\n"}}
[debug] [2026-05-20T07:07:04.353Z] E0520 12:37:04.354152   19356 watch.go:116] watchAllDir unable to walk dir `c:\Users\Admin\OneDrive\Desktop\kedos-main\dataconnect`: GetFileAttributesEx c:\Users\Admin\OneDrive\Desktop\kedos-main\dataconnect: The system cannot find the file specified.
 {"metadata":{"emulator":{"name":"dataconnect"},"message":"E0520 12:37:04.354152   19356 watch.go:116] watchAllDir unable to walk dir `c:\\Users\\Admin\\OneDrive\\Desktop\\kedos-main\\dataconnect`: GetFileAttributesEx c:\\Users\\Admin\\OneDrive\\Desktop\\kedos-main\\dataconnect: The system cannot find the file specified.\n"}}
[debug] [2026-05-20T07:07:04.355Z] E0520 12:37:04.354152   19356 watch.go:40] Failed to load config from "c:\\Users\\Admin\\OneDrive\\Desktop\\kedos-main\\dataconnect": could not find dataconnect.yaml in `c:\Users\Admin\OneDrive\Desktop\kedos-main\dataconnect`
 {"metadata":{"emulator":{"name":"dataconnect"},"message":"E0520 12:37:04.354152   19356 watch.go:40] Failed to load config from \"c:\\\\Users\\\\Admin\\\\OneDrive\\\\Desktop\\\\kedos-main\\\\dataconnect\": could not find dataconnect.yaml in `c:\\Users\\Admin\\OneDrive\\Desktop\\kedos-main\\dataconnect`\n"}}
[debug] [2026-05-20T07:07:14.354Z] E0520 12:37:14.354179   19356 watch.go:40] Failed to load config from "c:\\Users\\Admin\\OneDrive\\Desktop\\kedos-main\\dataconnect": could not find dataconnect.yaml in `c:\Users\Admin\OneDrive\Desktop\kedos-main\dataconnect`
 {"metadata":{"emulator":{"name":"dataconnect"},"message":"E0520 12:37:14.354179   19356 watch.go:40] Failed to load config from \"c:\\\\Users\\\\Admin\\\\OneDrive\\\\Desktop\\\\kedos-main\\\\dataconnect\": could not find dataconnect.yaml in `c:\\Users\\Admin\\OneDrive\\Desktop\\kedos-main\\dataconnect`\n"}}
[debug] [2026-05-20T07:07:24.354Z] E0520 12:37:24.353945   19356 watch.go:40] Failed to load config from "c:\\Users\\Admin\\OneDrive\\Desktop\\kedos-main\\dataconnect": could not find dataconnect.yaml in `c:\Users\Admin\OneDrive\Desktop\kedos-main\dataconnect`
 {"metadata":{"emulator":{"name":"dataconnect"},"message":"E0520 12:37:24.353945   19356 watch.go:40] Failed to load config from \"c:\\\\Users\\\\Admin\\\\OneDrive\\\\Desktop\\\\kedos-main\\\\dataconnect\": could not find dataconnect.yaml in `c:\\Users\\Admin\\OneDrive\\Desktop\\kedos-main\\dataconnect`\n"}}
[debug] [2026-05-20T07:07:34.353Z] E0520 12:37:34.353945   19356 watch.go:40] Failed to load config from "c:\\Users\\Admin\\OneDrive\\Desktop\\kedos-main\\dataconnect": could not find dataconnect.yaml in `c:\Users\Admin\OneDrive\Desktop\kedos-main\dataconnect`
 {"metadata":{"emulator":{"name":"dataconnect"},"message":"E0520 12:37:34.353945   19356 watch.go:40] Failed to load config from \"c:\\\\Users\\\\Admin\\\\OneDrive\\\\Desktop\\\\kedos-main\\\\dataconnect\": could not find dataconnect.yaml in `c:\\Users\\Admin\\OneDrive\\Desktop\\kedos-main\\dataconnect`\n"}}
[debug] [2026-05-20T07:07:44.354Z] E0520 12:37:44.355096   19356 watch.go:40] Failed to load config from "c:\\Users\\Admin\\OneDrive\\Desktop\\kedos-main\\dataconnect": could not find dataconnect.yaml in `c:\Users\Admin\OneDrive\Desktop\kedos-main\dataconnect`
 {"metadata":{"emulator":{"name":"dataconnect"},"message":"E0520 12:37:44.355096   19356 watch.go:40] Failed to load config from \"c:\\\\Users\\\\Admin\\\\OneDrive\\\\Desktop\\\\kedos-main\\\\dataconnect\": could not find dataconnect.yaml in `c:\\Users\\Admin\\OneDrive\\Desktop\\kedos-main\\dataconnect`\n"}}
[debug] [2026-05-20T07:07:54.354Z] E0520 12:37:54.354018   19356 watch.go:40] Failed to load config from "c:\\Users\\Admin\\OneDrive\\Desktop\\kedos-main\\dataconnect": could not find dataconnect.yaml in `c:\Users\Admin\OneDrive\Desktop\kedos-main\dataconnect`
 {"metadata":{"emulator":{"name":"dataconnect"},"message":"E0520 12:37:54.354018   19356 watch.go:40] Failed to load config from \"c:\\\\Users\\\\Admin\\\\OneDrive\\\\Desktop\\\\kedos-main\\\\dataconnect\": could not find dataconnect.yaml in `c:\\Users\\Admin\\OneDrive\\Desktop\\kedos-main\\dataconnect`\n"}}
[debug] [2026-05-20T07:08:04.354Z] E0520 12:38:04.354520   19356 watch.go:116] watchAllDir unable to walk dir `c:\Users\Admin\OneDrive\Desktop\kedos-main\dataconnect`: GetFileAttributesEx c:\Users\Admin\OneDrive\Desktop\kedos-main\dataconnect: The system cannot find the file specified.
 {"metadata":{"emulator":{"name":"dataconnect"},"message":"E0520 12:38:04.354520   19356 watch.go:116] watchAllDir unable to walk dir `c:\\Users\\Admin\\OneDrive\\Desktop\\kedos-main\\dataconnect`: GetFileAttributesEx c:\\Users\\Admin\\OneDrive\\Desktop\\kedos-main\\dataconnect: The system cannot find the file specified.\n"}}
[debug] [2026-05-20T07:08:04.355Z] E0520 12:38:04.354520   19356 watch.go:40] Failed to load config from "c:\\Users\\Admin\\OneDrive\\Desktop\\kedos-main\\dataconnect": could not find dataconnect.yaml in `c:\Users\Admin\OneDrive\Desktop\kedos-main\dataconnect`
 {"metadata":{"emulator":{"name":"dataconnect"},"message":"E0520 12:38:04.354520   19356 watch.go:40] Failed to load config from \"c:\\\\Users\\\\Admin\\\\OneDrive\\\\Desktop\\\\kedos-main\\\\dataconnect\": could not find dataconnect.yaml in `c:\\Users\\Admin\\OneDrive\\Desktop\\kedos-main\\dataconnect`\n"}}
[debug] [2026-05-20T07:08:14.354Z] E0520 12:38:14.354458   19356 watch.go:40] Failed to load config from "c:\\Users\\Admin\\OneDrive\\Desktop\\kedos-main\\dataconnect": could not find dataconnect.yaml in `c:\Users\Admin\OneDrive\Desktop\kedos-main\dataconnect`
 {"metadata":{"emulator":{"name":"dataconnect"},"message":"E0520 12:38:14.354458   19356 watch.go:40] Failed to load config from \"c:\\\\Users\\\\Admin\\\\OneDrive\\\\Desktop\\\\kedos-main\\\\dataconnect\": could not find dataconnect.yaml in `c:\\Users\\Admin\\OneDrive\\Desktop\\kedos-main\\dataconnect`\n"}}
[debug] [2026-05-20T07:08:24.354Z] E0520 12:38:24.354183   19356 watch.go:40] Failed to load config from "c:\\Users\\Admin\\OneDrive\\Desktop\\kedos-main\\dataconnect": could not find dataconnect.yaml in `c:\Users\Admin\OneDrive\Desktop\kedos-main\dataconnect`
 {"metadata":{"emulator":{"name":"dataconnect"},"message":"E0520 12:38:24.354183   19356 watch.go:40] Failed to load config from \"c:\\\\Users\\\\Admin\\\\OneDrive\\\\Desktop\\\\kedos-main\\\\dataconnect\": could not find dataconnect.yaml in `c:\\Users\\Admin\\OneDrive\\Desktop\\kedos-main\\dataconnect`\n"}}
[debug] [2026-05-20T07:08:34.354Z] E0520 12:38:34.354312   19356 watch.go:40] Failed to load config from "c:\\Users\\Admin\\OneDrive\\Desktop\\kedos-main\\dataconnect": could not find dataconnect.yaml in `c:\Users\Admin\OneDrive\Desktop\kedos-main\dataconnect`
 {"metadata":{"emulator":{"name":"dataconnect"},"message":"E0520 12:38:34.354312   19356 watch.go:40] Failed to load config from \"c:\\\\Users\\\\Admin\\\\OneDrive\\\\Desktop\\\\kedos-main\\\\dataconnect\": could not find dataconnect.yaml in `c:\\Users\\Admin\\OneDrive\\Desktop\\kedos-main\\dataconnect`\n"}}
[debug] [2026-05-20T07:08:44.354Z] E0520 12:38:44.354191   19356 watch.go:40] Failed to load config from "c:\\Users\\Admin\\OneDrive\\Desktop\\kedos-main\\dataconnect": could not find dataconnect.yaml in `c:\Users\Admin\OneDrive\Desktop\kedos-main\dataconnect`
 {"metadata":{"emulator":{"name":"dataconnect"},"message":"E0520 12:38:44.354191   19356 watch.go:40] Failed to load config from \"c:\\\\Users\\\\Admin\\\\OneDrive\\\\Desktop\\\\kedos-main\\\\dataconnect\": could not find dataconnect.yaml in `c:\\Users\\Admin\\OneDrive\\Desktop\\kedos-main\\dataconnect`\n"}}
[debug] [2026-05-20T07:08:54.355Z] E0520 12:38:54.355256   19356 watch.go:40] Failed to load config from "c:\\Users\\Admin\\OneDrive\\Desktop\\kedos-main\\dataconnect": could not find dataconnect.yaml in `c:\Users\Admin\OneDrive\Desktop\kedos-main\dataconnect`
 {"metadata":{"emulator":{"name":"dataconnect"},"message":"E0520 12:38:54.355256   19356 watch.go:40] Failed to load config from \"c:\\\\Users\\\\Admin\\\\OneDrive\\\\Desktop\\\\kedos-main\\\\dataconnect\": could not find dataconnect.yaml in `c:\\Users\\Admin\\OneDrive\\Desktop\\kedos-main\\dataconnect`\n"}}
[debug] [2026-05-20T07:09:04.354Z] E0520 12:39:04.354657   19356 watch.go:116] watchAllDir unable to walk dir `c:\Users\Admin\OneDrive\Desktop\kedos-main\dataconnect`: GetFileAttributesEx c:\Users\Admin\OneDrive\Desktop\kedos-main\dataconnect: The system cannot find the file specified.
 {"metadata":{"emulator":{"name":"dataconnect"},"message":"E0520 12:39:04.354657   19356 watch.go:116] watchAllDir unable to walk dir `c:\\Users\\Admin\\OneDrive\\Desktop\\kedos-main\\dataconnect`: GetFileAttributesEx c:\\Users\\Admin\\OneDrive\\Desktop\\kedos-main\\dataconnect: The system cannot find the file specified.\n"}}
[debug] [2026-05-20T07:09:04.355Z] E0520 12:39:04.354657   19356 watch.go:40] Failed to load config from "c:\\Users\\Admin\\OneDrive\\Desktop\\kedos-main\\dataconnect": could not find dataconnect.yaml in `c:\Users\Admin\OneDrive\Desktop\kedos-main\dataconnect`
 {"metadata":{"emulator":{"name":"dataconnect"},"message":"E0520 12:39:04.354657   19356 watch.go:40] Failed to load config from \"c:\\\\Users\\\\Admin\\\\OneDrive\\\\Desktop\\\\kedos-main\\\\dataconnect\": could not find dataconnect.yaml in `c:\\Users\\Admin\\OneDrive\\Desktop\\kedos-main\\dataconnect`\n"}}
[debug] [2026-05-20T07:09:14.354Z] E0520 12:39:14.354315   19356 watch.go:40] Failed to load config from "c:\\Users\\Admin\\OneDrive\\Desktop\\kedos-main\\dataconnect": could not find dataconnect.yaml in `c:\Users\Admin\OneDrive\Desktop\kedos-main\dataconnect`
 {"metadata":{"emulator":{"name":"dataconnect"},"message":"E0520 12:39:14.354315   19356 watch.go:40] Failed to load config from \"c:\\\\Users\\\\Admin\\\\OneDrive\\\\Desktop\\\\kedos-main\\\\dataconnect\": could not find dataconnect.yaml in `c:\\Users\\Admin\\OneDrive\\Desktop\\kedos-main\\dataconnect`\n"}}
[debug] [2026-05-20T07:09:24.353Z] E0520 12:39:24.353556   19356 watch.go:40] Failed to load config from "c:\\Users\\Admin\\OneDrive\\Desktop\\kedos-main\\dataconnect": could not find dataconnect.yaml in `c:\Users\Admin\OneDrive\Desktop\kedos-main\dataconnect`
 {"metadata":{"emulator":{"name":"dataconnect"},"message":"E0520 12:39:24.353556   19356 watch.go:40] Failed to load config from \"c:\\\\Users\\\\Admin\\\\OneDrive\\\\Desktop\\\\kedos-main\\\\dataconnect\": could not find dataconnect.yaml in `c:\\Users\\Admin\\OneDrive\\Desktop\\kedos-main\\dataconnect`\n"}}
[debug] [2026-05-20T07:09:34.355Z] E0520 12:39:34.355710   19356 watch.go:40] Failed to load config from "c:\\Users\\Admin\\OneDrive\\Desktop\\kedos-main\\dataconnect": could not find dataconnect.yaml in `c:\Users\Admin\OneDrive\Desktop\kedos-main\dataconnect`
 {"metadata":{"emulator":{"name":"dataconnect"},"message":"E0520 12:39:34.355710   19356 watch.go:40] Failed to load config from \"c:\\\\Users\\\\Admin\\\\OneDrive\\\\Desktop\\\\kedos-main\\\\dataconnect\": could not find dataconnect.yaml in `c:\\Users\\Admin\\OneDrive\\Desktop\\kedos-main\\dataconnect`\n"}}
[debug] [2026-05-20T07:09:44.354Z] E0520 12:39:44.354680   19356 watch.go:40] Failed to load config from "c:\\Users\\Admin\\OneDrive\\Desktop\\kedos-main\\dataconnect": could not find dataconnect.yaml in `c:\Users\Admin\OneDrive\Desktop\kedos-main\dataconnect`
 {"metadata":{"emulator":{"name":"dataconnect"},"message":"E0520 12:39:44.354680   19356 watch.go:40] Failed to load config from \"c:\\\\Users\\\\Admin\\\\OneDrive\\\\Desktop\\\\kedos-main\\\\dataconnect\": could not find dataconnect.yaml in `c:\\Users\\Admin\\OneDrive\\Desktop\\kedos-main\\dataconnect`\n"}}
[debug] [2026-05-20T07:09:54.354Z] E0520 12:39:54.354255   19356 watch.go:40] Failed to load config from "c:\\Users\\Admin\\OneDrive\\Desktop\\kedos-main\\dataconnect": could not find dataconnect.yaml in `c:\Users\Admin\OneDrive\Desktop\kedos-main\dataconnect`
 {"metadata":{"emulator":{"name":"dataconnect"},"message":"E0520 12:39:54.354255   19356 watch.go:40] Failed to load config from \"c:\\\\Users\\\\Admin\\\\OneDrive\\\\Desktop\\\\kedos-main\\\\dataconnect\": could not find dataconnect.yaml in `c:\\Users\\Admin\\OneDrive\\Desktop\\kedos-main\\dataconnect`\n"}}
[debug] [2026-05-20T07:10:04.353Z] E0520 12:40:04.353712   19356 watch.go:116] watchAllDir unable to walk dir `c:\Users\Admin\OneDrive\Desktop\kedos-main\dataconnect`: GetFileAttributesEx c:\Users\Admin\OneDrive\Desktop\kedos-main\dataconnect: The system cannot find the file specified.
 {"metadata":{"emulator":{"name":"dataconnect"},"message":"E0520 12:40:04.353712   19356 watch.go:116] watchAllDir unable to walk dir `c:\\Users\\Admin\\OneDrive\\Desktop\\kedos-main\\dataconnect`: GetFileAttributesEx c:\\Users\\Admin\\OneDrive\\Desktop\\kedos-main\\dataconnect: The system cannot find the file specified.\n"}}
[debug] [2026-05-20T07:10:04.354Z] E0520 12:40:04.353712   19356 watch.go:40] Failed to load config from "c:\\Users\\Admin\\OneDrive\\Desktop\\kedos-main\\dataconnect": could not find dataconnect.yaml in `c:\Users\Admin\OneDrive\Desktop\kedos-main\dataconnect`
 {"metadata":{"emulator":{"name":"dataconnect"},"message":"E0520 12:40:04.353712   19356 watch.go:40] Failed to load config from \"c:\\\\Users\\\\Admin\\\\OneDrive\\\\Desktop\\\\kedos-main\\\\dataconnect\": could not find dataconnect.yaml in `c:\\Users\\Admin\\OneDrive\\Desktop\\kedos-main\\dataconnect`\n"}}
[debug] [2026-05-20T07:10:14.353Z] E0520 12:40:14.353957   19356 watch.go:40] Failed to load config from "c:\\Users\\Admin\\OneDrive\\Desktop\\kedos-main\\dataconnect": could not find dataconnect.yaml in `c:\Users\Admin\OneDrive\Desktop\kedos-main\dataconnect`
 {"metadata":{"emulator":{"name":"dataconnect"},"message":"E0520 12:40:14.353957   19356 watch.go:40] Failed to load config from \"c:\\\\Users\\\\Admin\\\\OneDrive\\\\Desktop\\\\kedos-main\\\\dataconnect\": could not find dataconnect.yaml in `c:\\Users\\Admin\\OneDrive\\Desktop\\kedos-main\\dataconnect`\n"}}
[debug] [2026-05-20T07:10:24.380Z] E0520 12:40:24.364206   19356 watch.go:40] Failed to load config from "c:\\Users\\Admin\\OneDrive\\Desktop\\kedos-main\\dataconnect": could not find dataconnect.yaml in `c:\Users\Admin\OneDrive\Desktop\kedos-main\dataconnect`
 {"metadata":{"emulator":{"name":"dataconnect"},"message":"E0520 12:40:24.364206   19356 watch.go:40] Failed to load config from \"c:\\\\Users\\\\Admin\\\\OneDrive\\\\Desktop\\\\kedos-main\\\\dataconnect\": could not find dataconnect.yaml in `c:\\Users\\Admin\\OneDrive\\Desktop\\kedos-main\\dataconnect`\n"}}
[debug] [2026-05-20T07:10:34.406Z] E0520 12:40:34.406614   19356 watch.go:40] Failed to load config from "c:\\Users\\Admin\\OneDrive\\Desktop\\kedos-main\\dataconnect": could not find dataconnect.yaml in `c:\Users\Admin\OneDrive\Desktop\kedos-main\dataconnect`
 {"metadata":{"emulator":{"name":"dataconnect"},"message":"E0520 12:40:34.406614   19356 watch.go:40] Failed to load config from \"c:\\\\Users\\\\Admin\\\\OneDrive\\\\Desktop\\\\kedos-main\\\\dataconnect\": could not find dataconnect.yaml in `c:\\Users\\Admin\\OneDrive\\Desktop\\kedos-main\\dataconnect`\n"}}
[debug] [2026-05-20T07:10:44.354Z] E0520 12:40:44.354555   19356 watch.go:40] Failed to load config from "c:\\Users\\Admin\\OneDrive\\Desktop\\kedos-main\\dataconnect": could not find dataconnect.yaml in `c:\Users\Admin\OneDrive\Desktop\kedos-main\dataconnect`
 {"metadata":{"emulator":{"name":"dataconnect"},"message":"E0520 12:40:44.354555   19356 watch.go:40] Failed to load config from \"c:\\\\Users\\\\Admin\\\\OneDrive\\\\Desktop\\\\kedos-main\\\\dataconnect\": could not find dataconnect.yaml in `c:\\Users\\Admin\\OneDrive\\Desktop\\kedos-main\\dataconnect`\n"}}
[debug] [2026-05-20T07:10:54.353Z] E0520 12:40:54.353630   19356 watch.go:40] Failed to load config from "c:\\Users\\Admin\\OneDrive\\Desktop\\kedos-main\\dataconnect": could not find dataconnect.yaml in `c:\Users\Admin\OneDrive\Desktop\kedos-main\dataconnect`
 {"metadata":{"emulator":{"name":"dataconnect"},"message":"E0520 12:40:54.353630   19356 watch.go:40] Failed to load config from \"c:\\\\Users\\\\Admin\\\\OneDrive\\\\Desktop\\\\kedos-main\\\\dataconnect\": could not find dataconnect.yaml in `c:\\Users\\Admin\\OneDrive\\Desktop\\kedos-main\\dataconnect`\n"}}
[debug] [2026-05-20T07:11:04.353Z] E0520 12:41:04.354148   19356 watch.go:116] watchAllDir unable to walk dir `c:\Users\Admin\OneDrive\Desktop\kedos-main\dataconnect`: GetFileAttributesEx c:\Users\Admin\OneDrive\Desktop\kedos-main\dataconnect: The system cannot find the file specified.
 {"metadata":{"emulator":{"name":"dataconnect"},"message":"E0520 12:41:04.354148   19356 watch.go:116] watchAllDir unable to walk dir `c:\\Users\\Admin\\OneDrive\\Desktop\\kedos-main\\dataconnect`: GetFileAttributesEx c:\\Users\\Admin\\OneDrive\\Desktop\\kedos-main\\dataconnect: The system cannot find the file specified.\n"}}
[debug] [2026-05-20T07:11:04.354Z] E0520 12:41:04.354148   19356 watch.go:40] Failed to load config from "c:\\Users\\Admin\\OneDrive\\Desktop\\kedos-main\\dataconnect": could not find dataconnect.yaml in `c:\Users\Admin\OneDrive\Desktop\kedos-main\dataconnect`
 {"metadata":{"emulator":{"name":"dataconnect"},"message":"E0520 12:41:04.354148   19356 watch.go:40] Failed to load config from \"c:\\\\Users\\\\Admin\\\\OneDrive\\\\Desktop\\\\kedos-main\\\\dataconnect\": could not find dataconnect.yaml in `c:\\Users\\Admin\\OneDrive\\Desktop\\kedos-main\\dataconnect`\n"}}
[debug] [2026-05-20T07:11:14.353Z] E0520 12:41:14.354069   19356 watch.go:40] Failed to load config from "c:\\Users\\Admin\\OneDrive\\Desktop\\kedos-main\\dataconnect": could not find dataconnect.yaml in `c:\Users\Admin\OneDrive\Desktop\kedos-main\dataconnect`
 {"metadata":{"emulator":{"name":"dataconnect"},"message":"E0520 12:41:14.354069   19356 watch.go:40] Failed to load config from \"c:\\\\Users\\\\Admin\\\\OneDrive\\\\Desktop\\\\kedos-main\\\\dataconnect\": could not find dataconnect.yaml in `c:\\Users\\Admin\\OneDrive\\Desktop\\kedos-main\\dataconnect`\n"}}
[debug] [2026-05-20T07:11:24.353Z] E0520 12:41:24.354180   19356 watch.go:40] Failed to load config from "c:\\Users\\Admin\\OneDrive\\Desktop\\kedos-main\\dataconnect": could not find dataconnect.yaml in `c:\Users\Admin\OneDrive\Desktop\kedos-main\dataconnect`
 {"metadata":{"emulator":{"name":"dataconnect"},"message":"E0520 12:41:24.354180   19356 watch.go:40] Failed to load config from \"c:\\\\Users\\\\Admin\\\\OneDrive\\\\Desktop\\\\kedos-main\\\\dataconnect\": could not find dataconnect.yaml in `c:\\Users\\Admin\\OneDrive\\Desktop\\kedos-main\\dataconnect`\n"}}
[debug] [2026-05-20T07:11:34.353Z] E0520 12:41:34.353536   19356 watch.go:40] Failed to load config from "c:\\Users\\Admin\\OneDrive\\Desktop\\kedos-main\\dataconnect": could not find dataconnect.yaml in `c:\Users\Admin\OneDrive\Desktop\kedos-main\dataconnect`
 {"metadata":{"emulator":{"name":"dataconnect"},"message":"E0520 12:41:34.353536   19356 watch.go:40] Failed to load config from \"c:\\\\Users\\\\Admin\\\\OneDrive\\\\Desktop\\\\kedos-main\\\\dataconnect\": could not find dataconnect.yaml in `c:\\Users\\Admin\\OneDrive\\Desktop\\kedos-main\\dataconnect`\n"}}
[debug] [2026-05-20T07:11:44.353Z] E0520 12:41:44.353497   19356 watch.go:40] Failed to load config from "c:\\Users\\Admin\\OneDrive\\Desktop\\kedos-main\\dataconnect": could not find dataconnect.yaml in `c:\Users\Admin\OneDrive\Desktop\kedos-main\dataconnect`
 {"metadata":{"emulator":{"name":"dataconnect"},"message":"E0520 12:41:44.353497   19356 watch.go:40] Failed to load config from \"c:\\\\Users\\\\Admin\\\\OneDrive\\\\Desktop\\\\kedos-main\\\\dataconnect\": could not find dataconnect.yaml in `c:\\Users\\Admin\\OneDrive\\Desktop\\kedos-main\\dataconnect`\n"}}
[debug] [2026-05-20T07:11:54.353Z] E0520 12:41:54.353682   19356 watch.go:40] Failed to load config from "c:\\Users\\Admin\\OneDrive\\Desktop\\kedos-main\\dataconnect": could not find dataconnect.yaml in `c:\Users\Admin\OneDrive\Desktop\kedos-main\dataconnect`
 {"metadata":{"emulator":{"name":"dataconnect"},"message":"E0520 12:41:54.353682   19356 watch.go:40] Failed to load config from \"c:\\\\Users\\\\Admin\\\\OneDrive\\\\Desktop\\\\kedos-main\\\\dataconnect\": could not find dataconnect.yaml in `c:\\Users\\Admin\\OneDrive\\Desktop\\kedos-main\\dataconnect`\n"}}
[debug] [2026-05-20T07:12:04.352Z] E0520 12:42:04.353471   19356 watch.go:116] watchAllDir unable to walk dir `c:\Users\Admin\OneDrive\Desktop\kedos-main\dataconnect`: GetFileAttributesEx c:\Users\Admin\OneDrive\Desktop\kedos-main\dataconnect: The system cannot find the file specified.
 {"metadata":{"emulator":{"name":"dataconnect"},"message":"E0520 12:42:04.353471   19356 watch.go:116] watchAllDir unable to walk dir `c:\\Users\\Admin\\OneDrive\\Desktop\\kedos-main\\dataconnect`: GetFileAttributesEx c:\\Users\\Admin\\OneDrive\\Desktop\\kedos-main\\dataconnect: The system cannot find the file specified.\n"}}
[debug] [2026-05-20T07:12:04.353Z] E0520 12:42:04.353471   19356 watch.go:40] Failed to load config from "c:\\Users\\Admin\\OneDrive\\Desktop\\kedos-main\\dataconnect": could not find dataconnect.yaml in `c:\Users\Admin\OneDrive\Desktop\kedos-main\dataconnect`
 {"metadata":{"emulator":{"name":"dataconnect"},"message":"E0520 12:42:04.353471   19356 watch.go:40] Failed to load config from \"c:\\\\Users\\\\Admin\\\\OneDrive\\\\Desktop\\\\kedos-main\\\\dataconnect\": could not find dataconnect.yaml in `c:\\Users\\Admin\\OneDrive\\Desktop\\kedos-main\\dataconnect`\n"}}
[debug] [2026-05-20T07:12:14.354Z] E0520 12:42:14.354108   19356 watch.go:40] Failed to load config from "c:\\Users\\Admin\\OneDrive\\Desktop\\kedos-main\\dataconnect": could not find dataconnect.yaml in `c:\Users\Admin\OneDrive\Desktop\kedos-main\dataconnect`
 {"metadata":{"emulator":{"name":"dataconnect"},"message":"E0520 12:42:14.354108   19356 watch.go:40] Failed to load config from \"c:\\\\Users\\\\Admin\\\\OneDrive\\\\Desktop\\\\kedos-main\\\\dataconnect\": could not find dataconnect.yaml in `c:\\Users\\Admin\\OneDrive\\Desktop\\kedos-main\\dataconnect`\n"}}
[debug] [2026-05-20T07:12:24.353Z] E0520 12:42:24.353670   19356 watch.go:40] Failed to load config from "c:\\Users\\Admin\\OneDrive\\Desktop\\kedos-main\\dataconnect": could not find dataconnect.yaml in `c:\Users\Admin\OneDrive\Desktop\kedos-main\dataconnect`
 {"metadata":{"emulator":{"name":"dataconnect"},"message":"E0520 12:42:24.353670   19356 watch.go:40] Failed to load config from \"c:\\\\Users\\\\Admin\\\\OneDrive\\\\Desktop\\\\kedos-main\\\\dataconnect\": could not find dataconnect.yaml in `c:\\Users\\Admin\\OneDrive\\Desktop\\kedos-main\\dataconnect`\n"}}
[debug] [2026-05-20T07:12:34.353Z] E0520 12:42:34.353695   19356 watch.go:40] Failed to load config from "c:\\Users\\Admin\\OneDrive\\Desktop\\kedos-main\\dataconnect": could not find dataconnect.yaml in `c:\Users\Admin\OneDrive\Desktop\kedos-main\dataconnect`
 {"metadata":{"emulator":{"name":"dataconnect"},"message":"E0520 12:42:34.353695   19356 watch.go:40] Failed to load config from \"c:\\\\Users\\\\Admin\\\\OneDrive\\\\Desktop\\\\kedos-main\\\\dataconnect\": could not find dataconnect.yaml in `c:\\Users\\Admin\\OneDrive\\Desktop\\kedos-main\\dataconnect`\n"}}
[debug] [2026-05-20T07:12:44.354Z] E0520 12:42:44.354318   19356 watch.go:40] Failed to load config from "c:\\Users\\Admin\\OneDrive\\Desktop\\kedos-main\\dataconnect": could not find dataconnect.yaml in `c:\Users\Admin\OneDrive\Desktop\kedos-main\dataconnect`
 {"metadata":{"emulator":{"name":"dataconnect"},"message":"E0520 12:42:44.354318   19356 watch.go:40] Failed to load config from \"c:\\\\Users\\\\Admin\\\\OneDrive\\\\Desktop\\\\kedos-main\\\\dataconnect\": could not find dataconnect.yaml in `c:\\Users\\Admin\\OneDrive\\Desktop\\kedos-main\\dataconnect`\n"}}
[debug] [2026-05-20T07:12:54.354Z] E0520 12:42:54.353858   19356 watch.go:40] Failed to load config from "c:\\Users\\Admin\\OneDrive\\Desktop\\kedos-main\\dataconnect": could not find dataconnect.yaml in `c:\Users\Admin\OneDrive\Desktop\kedos-main\dataconnect`
 {"metadata":{"emulator":{"name":"dataconnect"},"message":"E0520 12:42:54.353858   19356 watch.go:40] Failed to load config from \"c:\\\\Users\\\\Admin\\\\OneDrive\\\\Desktop\\\\kedos-main\\\\dataconnect\": could not find dataconnect.yaml in `c:\\Users\\Admin\\OneDrive\\Desktop\\kedos-main\\dataconnect`\n"}}
[debug] [2026-05-20T07:13:04.353Z] E0520 12:43:04.353821   19356 watch.go:116] watchAllDir unable to walk dir `c:\Users\Admin\OneDrive\Desktop\kedos-main\dataconnect`: GetFileAttributesEx c:\Users\Admin\OneDrive\Desktop\kedos-main\dataconnect: The system cannot find the file specified.
 {"metadata":{"emulator":{"name":"dataconnect"},"message":"E0520 12:43:04.353821   19356 watch.go:116] watchAllDir unable to walk dir `c:\\Users\\Admin\\OneDrive\\Desktop\\kedos-main\\dataconnect`: GetFileAttributesEx c:\\Users\\Admin\\OneDrive\\Desktop\\kedos-main\\dataconnect: The system cannot find the file specified.\n"}}
[debug] [2026-05-20T07:13:04.354Z] E0520 12:43:04.353821   19356 watch.go:40] Failed to load config from "c:\\Users\\Admin\\OneDrive\\Desktop\\kedos-main\\dataconnect": could not find dataconnect.yaml in `c:\Users\Admin\OneDrive\Desktop\kedos-main\dataconnect`
 {"metadata":{"emulator":{"name":"dataconnect"},"message":"E0520 12:43:04.353821   19356 watch.go:40] Failed to load config from \"c:\\\\Users\\\\Admin\\\\OneDrive\\\\Desktop\\\\kedos-main\\\\dataconnect\": could not find dataconnect.yaml in `c:\\Users\\Admin\\OneDrive\\Desktop\\kedos-main\\dataconnect`\n"}}
[debug] [2026-05-20T07:13:14.354Z] E0520 12:43:14.354663   19356 watch.go:40] Failed to load config from "c:\\Users\\Admin\\OneDrive\\Desktop\\kedos-main\\dataconnect": could not find dataconnect.yaml in `c:\Users\Admin\OneDrive\Desktop\kedos-main\dataconnect`
 {"metadata":{"emulator":{"name":"dataconnect"},"message":"E0520 12:43:14.354663   19356 watch.go:40] Failed to load config from \"c:\\\\Users\\\\Admin\\\\OneDrive\\\\Desktop\\\\kedos-main\\\\dataconnect\": could not find dataconnect.yaml in `c:\\Users\\Admin\\OneDrive\\Desktop\\kedos-main\\dataconnect`\n"}}
[debug] [2026-05-20T07:13:24.354Z] E0520 12:43:24.354328   19356 watch.go:40] Failed to load config from "c:\\Users\\Admin\\OneDrive\\Desktop\\kedos-main\\dataconnect": could not find dataconnect.yaml in `c:\Users\Admin\OneDrive\Desktop\kedos-main\dataconnect`
 {"metadata":{"emulator":{"name":"dataconnect"},"message":"E0520 12:43:24.354328   19356 watch.go:40] Failed to load config from \"c:\\\\Users\\\\Admin\\\\OneDrive\\\\Desktop\\\\kedos-main\\\\dataconnect\": could not find dataconnect.yaml in `c:\\Users\\Admin\\OneDrive\\Desktop\\kedos-main\\dataconnect`\n"}}
[debug] [2026-05-20T07:13:34.353Z] E0520 12:43:34.354125   19356 watch.go:40] Failed to load config from "c:\\Users\\Admin\\OneDrive\\Desktop\\kedos-main\\dataconnect": could not find dataconnect.yaml in `c:\Users\Admin\OneDrive\Desktop\kedos-main\dataconnect`
 {"metadata":{"emulator":{"name":"dataconnect"},"message":"E0520 12:43:34.354125   19356 watch.go:40] Failed to load config from \"c:\\\\Users\\\\Admin\\\\OneDrive\\\\Desktop\\\\kedos-main\\\\dataconnect\": could not find dataconnect.yaml in `c:\\Users\\Admin\\OneDrive\\Desktop\\kedos-main\\dataconnect`\n"}}
[debug] [2026-05-20T07:13:44.354Z] E0520 12:43:44.353561   19356 watch.go:40] Failed to load config from "c:\\Users\\Admin\\OneDrive\\Desktop\\kedos-main\\dataconnect": could not find dataconnect.yaml in `c:\Users\Admin\OneDrive\Desktop\kedos-main\dataconnect`
 {"metadata":{"emulator":{"name":"dataconnect"},"message":"E0520 12:43:44.353561   19356 watch.go:40] Failed to load config from \"c:\\\\Users\\\\Admin\\\\OneDrive\\\\Desktop\\\\kedos-main\\\\dataconnect\": could not find dataconnect.yaml in `c:\\Users\\Admin\\OneDrive\\Desktop\\kedos-main\\dataconnect`\n"}}
[debug] [2026-05-20T07:13:54.354Z] E0520 12:43:54.354875   19356 watch.go:40] Failed to load config from "c:\\Users\\Admin\\OneDrive\\Desktop\\kedos-main\\dataconnect": could not find dataconnect.yaml in `c:\Users\Admin\OneDrive\Desktop\kedos-main\dataconnect`
 {"metadata":{"emulator":{"name":"dataconnect"},"message":"E0520 12:43:54.354875   19356 watch.go:40] Failed to load config from \"c:\\\\Users\\\\Admin\\\\OneDrive\\\\Desktop\\\\kedos-main\\\\dataconnect\": could not find dataconnect.yaml in `c:\\Users\\Admin\\OneDrive\\Desktop\\kedos-main\\dataconnect`\n"}}
[debug] [2026-05-20T07:14:04.354Z] E0520 12:44:04.354523   19356 watch.go:116] watchAllDir unable to walk dir `c:\Users\Admin\OneDrive\Desktop\kedos-main\dataconnect`: GetFileAttributesEx c:\Users\Admin\OneDrive\Desktop\kedos-main\dataconnect: The system cannot find the file specified.
 {"metadata":{"emulator":{"name":"dataconnect"},"message":"E0520 12:44:04.354523   19356 watch.go:116] watchAllDir unable to walk dir `c:\\Users\\Admin\\OneDrive\\Desktop\\kedos-main\\dataconnect`: GetFileAttributesEx c:\\Users\\Admin\\OneDrive\\Desktop\\kedos-main\\dataconnect: The system cannot find the file specified.\n"}}
[debug] [2026-05-20T07:14:04.354Z] E0520 12:44:04.354523   19356 watch.go:40] Failed to load config from "c:\\Users\\Admin\\OneDrive\\Desktop\\kedos-main\\dataconnect": could not find dataconnect.yaml in `c:\Users\Admin\OneDrive\Desktop\kedos-main\dataconnect`
 {"metadata":{"emulator":{"name":"dataconnect"},"message":"E0520 12:44:04.354523   19356 watch.go:40] Failed to load config from \"c:\\\\Users\\\\Admin\\\\OneDrive\\\\Desktop\\\\kedos-main\\\\dataconnect\": could not find dataconnect.yaml in `c:\\Users\\Admin\\OneDrive\\Desktop\\kedos-main\\dataconnect`\n"}}
[debug] [2026-05-20T07:14:14.354Z] E0520 12:44:14.354530   19356 watch.go:40] Failed to load config from "c:\\Users\\Admin\\OneDrive\\Desktop\\kedos-main\\dataconnect": could not find dataconnect.yaml in `c:\Users\Admin\OneDrive\Desktop\kedos-main\dataconnect`
 {"metadata":{"emulator":{"name":"dataconnect"},"message":"E0520 12:44:14.354530   19356 watch.go:40] Failed to load config from \"c:\\\\Users\\\\Admin\\\\OneDrive\\\\Desktop\\\\kedos-main\\\\dataconnect\": could not find dataconnect.yaml in `c:\\Users\\Admin\\OneDrive\\Desktop\\kedos-main\\dataconnect`\n"}}
[debug] [2026-05-20T07:14:24.354Z] E0520 12:44:24.353848   19356 watch.go:40] Failed to load config from "c:\\Users\\Admin\\OneDrive\\Desktop\\kedos-main\\dataconnect": could not find dataconnect.yaml in `c:\Users\Admin\OneDrive\Desktop\kedos-main\dataconnect`
 {"metadata":{"emulator":{"name":"dataconnect"},"message":"E0520 12:44:24.353848   19356 watch.go:40] Failed to load config from \"c:\\\\Users\\\\Admin\\\\OneDrive\\\\Desktop\\\\kedos-main\\\\dataconnect\": could not find dataconnect.yaml in `c:\\Users\\Admin\\OneDrive\\Desktop\\kedos-main\\dataconnect`\n"}}
[debug] [2026-05-20T07:14:34.354Z] E0520 12:44:34.353792   19356 watch.go:40] Failed to load config from "c:\\Users\\Admin\\OneDrive\\Desktop\\kedos-main\\dataconnect": could not find dataconnect.yaml in `c:\Users\Admin\OneDrive\Desktop\kedos-main\dataconnect`
 {"metadata":{"emulator":{"name":"dataconnect"},"message":"E0520 12:44:34.353792   19356 watch.go:40] Failed to load config from \"c:\\\\Users\\\\Admin\\\\OneDrive\\\\Desktop\\\\kedos-main\\\\dataconnect\": could not find dataconnect.yaml in `c:\\Users\\Admin\\OneDrive\\Desktop\\kedos-main\\dataconnect`\n"}}
[debug] [2026-05-20T07:14:44.354Z] E0520 12:44:44.353828   19356 watch.go:40] Failed to load config from "c:\\Users\\Admin\\OneDrive\\Desktop\\kedos-main\\dataconnect": could not find dataconnect.yaml in `c:\Users\Admin\OneDrive\Desktop\kedos-main\dataconnect`
 {"metadata":{"emulator":{"name":"dataconnect"},"message":"E0520 12:44:44.353828   19356 watch.go:40] Failed to load config from \"c:\\\\Users\\\\Admin\\\\OneDrive\\\\Desktop\\\\kedos-main\\\\dataconnect\": could not find dataconnect.yaml in `c:\\Users\\Admin\\OneDrive\\Desktop\\kedos-main\\dataconnect`\n"}}
[debug] [2026-05-20T07:14:54.354Z] E0520 12:44:54.353602   19356 watch.go:40] Failed to load config from "c:\\Users\\Admin\\OneDrive\\Desktop\\kedos-main\\dataconnect": could not find dataconnect.yaml in `c:\Users\Admin\OneDrive\Desktop\kedos-main\dataconnect`
 {"metadata":{"emulator":{"name":"dataconnect"},"message":"E0520 12:44:54.353602   19356 watch.go:40] Failed to load config from \"c:\\\\Users\\\\Admin\\\\OneDrive\\\\Desktop\\\\kedos-main\\\\dataconnect\": could not find dataconnect.yaml in `c:\\Users\\Admin\\OneDrive\\Desktop\\kedos-main\\dataconnect`\n"}}
[debug] [2026-05-20T07:15:04.354Z] E0520 12:45:04.353998   19356 watch.go:116] watchAllDir unable to walk dir `c:\Users\Admin\OneDrive\Desktop\kedos-main\dataconnect`: GetFileAttributesEx c:\Users\Admin\OneDrive\Desktop\kedos-main\dataconnect: The system cannot find the file specified.
 {"metadata":{"emulator":{"name":"dataconnect"},"message":"E0520 12:45:04.353998   19356 watch.go:116] watchAllDir unable to walk dir `c:\\Users\\Admin\\OneDrive\\Desktop\\kedos-main\\dataconnect`: GetFileAttributesEx c:\\Users\\Admin\\OneDrive\\Desktop\\kedos-main\\dataconnect: The system cannot find the file specified.\n"}}
[debug] [2026-05-20T07:15:04.355Z] E0520 12:45:04.353998   19356 watch.go:40] Failed to load config from "c:\\Users\\Admin\\OneDrive\\Desktop\\kedos-main\\dataconnect": could not find dataconnect.yaml in `c:\Users\Admin\OneDrive\Desktop\kedos-main\dataconnect`
 {"metadata":{"emulator":{"name":"dataconnect"},"message":"E0520 12:45:04.353998   19356 watch.go:40] Failed to load config from \"c:\\\\Users\\\\Admin\\\\OneDrive\\\\Desktop\\\\kedos-main\\\\dataconnect\": could not find dataconnect.yaml in `c:\\Users\\Admin\\OneDrive\\Desktop\\kedos-main\\dataconnect`\n"}}
[debug] [2026-05-20T07:15:14.354Z] E0520 12:45:14.354114   19356 watch.go:40] Failed to load config from "c:\\Users\\Admin\\OneDrive\\Desktop\\kedos-main\\dataconnect": could not find dataconnect.yaml in `c:\Users\Admin\OneDrive\Desktop\kedos-main\dataconnect`
 {"metadata":{"emulator":{"name":"dataconnect"},"message":"E0520 12:45:14.354114   19356 watch.go:40] Failed to load config from \"c:\\\\Users\\\\Admin\\\\OneDrive\\\\Desktop\\\\kedos-main\\\\dataconnect\": could not find dataconnect.yaml in `c:\\Users\\Admin\\OneDrive\\Desktop\\kedos-main\\dataconnect`\n"}}
[debug] [2026-05-20T07:15:24.354Z] E0520 12:45:24.353942   19356 watch.go:40] Failed to load config from "c:\\Users\\Admin\\OneDrive\\Desktop\\kedos-main\\dataconnect": could not find dataconnect.yaml in `c:\Users\Admin\OneDrive\Desktop\kedos-main\dataconnect`
 {"metadata":{"emulator":{"name":"dataconnect"},"message":"E0520 12:45:24.353942   19356 watch.go:40] Failed to load config from \"c:\\\\Users\\\\Admin\\\\OneDrive\\\\Desktop\\\\kedos-main\\\\dataconnect\": could not find dataconnect.yaml in `c:\\Users\\Admin\\OneDrive\\Desktop\\kedos-main\\dataconnect`\n"}}
[debug] [2026-05-20T07:15:34.354Z] E0520 12:45:34.353826   19356 watch.go:40] Failed to load config from "c:\\Users\\Admin\\OneDrive\\Desktop\\kedos-main\\dataconnect": could not find dataconnect.yaml in `c:\Users\Admin\OneDrive\Desktop\kedos-main\dataconnect`
 {"metadata":{"emulator":{"name":"dataconnect"},"message":"E0520 12:45:34.353826   19356 watch.go:40] Failed to load config from \"c:\\\\Users\\\\Admin\\\\OneDrive\\\\Desktop\\\\kedos-main\\\\dataconnect\": could not find dataconnect.yaml in `c:\\Users\\Admin\\OneDrive\\Desktop\\kedos-main\\dataconnect`\n"}}
[debug] [2026-05-20T07:15:44.354Z] E0520 12:45:44.354095   19356 watch.go:40] Failed to load config from "c:\\Users\\Admin\\OneDrive\\Desktop\\kedos-main\\dataconnect": could not find dataconnect.yaml in `c:\Users\Admin\OneDrive\Desktop\kedos-main\dataconnect`
 {"metadata":{"emulator":{"name":"dataconnect"},"message":"E0520 12:45:44.354095   19356 watch.go:40] Failed to load config from \"c:\\\\Users\\\\Admin\\\\OneDrive\\\\Desktop\\\\kedos-main\\\\dataconnect\": could not find dataconnect.yaml in `c:\\Users\\Admin\\OneDrive\\Desktop\\kedos-main\\dataconnect`\n"}}
[debug] [2026-05-20T07:15:54.354Z] E0520 12:45:54.354242   19356 watch.go:40] Failed to load config from "c:\\Users\\Admin\\OneDrive\\Desktop\\kedos-main\\dataconnect": could not find dataconnect.yaml in `c:\Users\Admin\OneDrive\Desktop\kedos-main\dataconnect`
 {"metadata":{"emulator":{"name":"dataconnect"},"message":"E0520 12:45:54.354242   19356 watch.go:40] Failed to load config from \"c:\\\\Users\\\\Admin\\\\OneDrive\\\\Desktop\\\\kedos-main\\\\dataconnect\": could not find dataconnect.yaml in `c:\\Users\\Admin\\OneDrive\\Desktop\\kedos-main\\dataconnect`\n"}}
[debug] [2026-05-20T07:16:04.353Z] E0520 12:46:04.353934   19356 watch.go:116] watchAllDir unable to walk dir `c:\Users\Admin\OneDrive\Desktop\kedos-main\dataconnect`: GetFileAttributesEx c:\Users\Admin\OneDrive\Desktop\kedos-main\dataconnect: The system cannot find the file specified.
 {"metadata":{"emulator":{"name":"dataconnect"},"message":"E0520 12:46:04.353934   19356 watch.go:116] watchAllDir unable to walk dir `c:\\Users\\Admin\\OneDrive\\Desktop\\kedos-main\\dataconnect`: GetFileAttributesEx c:\\Users\\Admin\\OneDrive\\Desktop\\kedos-main\\dataconnect: The system cannot find the file specified.\n"}}
[debug] [2026-05-20T07:16:04.354Z] E0520 12:46:04.353934   19356 watch.go:40] Failed to load config from "c:\\Users\\Admin\\OneDrive\\Desktop\\kedos-main\\dataconnect": could not find dataconnect.yaml in `c:\Users\Admin\OneDrive\Desktop\kedos-main\dataconnect`
 {"metadata":{"emulator":{"name":"dataconnect"},"message":"E0520 12:46:04.353934   19356 watch.go:40] Failed to load config from \"c:\\\\Users\\\\Admin\\\\OneDrive\\\\Desktop\\\\kedos-main\\\\dataconnect\": could not find dataconnect.yaml in `c:\\Users\\Admin\\OneDrive\\Desktop\\kedos-main\\dataconnect`\n"}}
[debug] [2026-05-20T07:16:14.354Z] E0520 12:46:14.354504   19356 watch.go:40] Failed to load config from "c:\\Users\\Admin\\OneDrive\\Desktop\\kedos-main\\dataconnect": could not find dataconnect.yaml in `c:\Users\Admin\OneDrive\Desktop\kedos-main\dataconnect`
 {"metadata":{"emulator":{"name":"dataconnect"},"message":"E0520 12:46:14.354504   19356 watch.go:40] Failed to load config from \"c:\\\\Users\\\\Admin\\\\OneDrive\\\\Desktop\\\\kedos-main\\\\dataconnect\": could not find dataconnect.yaml in `c:\\Users\\Admin\\OneDrive\\Desktop\\kedos-main\\dataconnect`\n"}}
[debug] [2026-05-20T07:16:24.354Z] E0520 12:46:24.354505   19356 watch.go:40] Failed to load config from "c:\\Users\\Admin\\OneDrive\\Desktop\\kedos-main\\dataconnect": could not find dataconnect.yaml in `c:\Users\Admin\OneDrive\Desktop\kedos-main\dataconnect`
 {"metadata":{"emulator":{"name":"dataconnect"},"message":"E0520 12:46:24.354505   19356 watch.go:40] Failed to load config from \"c:\\\\Users\\\\Admin\\\\OneDrive\\\\Desktop\\\\kedos-main\\\\dataconnect\": could not find dataconnect.yaml in `c:\\Users\\Admin\\OneDrive\\Desktop\\kedos-main\\dataconnect`\n"}}
[debug] [2026-05-20T07:16:34.354Z] E0520 12:46:34.354411   19356 watch.go:40] Failed to load config from "c:\\Users\\Admin\\OneDrive\\Desktop\\kedos-main\\dataconnect": could not find dataconnect.yaml in `c:\Users\Admin\OneDrive\Desktop\kedos-main\dataconnect`
 {"metadata":{"emulator":{"name":"dataconnect"},"message":"E0520 12:46:34.354411   19356 watch.go:40] Failed to load config from \"c:\\\\Users\\\\Admin\\\\OneDrive\\\\Desktop\\\\kedos-main\\\\dataconnect\": could not find dataconnect.yaml in `c:\\Users\\Admin\\OneDrive\\Desktop\\kedos-main\\dataconnect`\n"}}
[debug] [2026-05-20T07:16:44.354Z] E0520 12:46:44.353898   19356 watch.go:40] Failed to load config from "c:\\Users\\Admin\\OneDrive\\Desktop\\kedos-main\\dataconnect": could not find dataconnect.yaml in `c:\Users\Admin\OneDrive\Desktop\kedos-main\dataconnect`
 {"metadata":{"emulator":{"name":"dataconnect"},"message":"E0520 12:46:44.353898   19356 watch.go:40] Failed to load config from \"c:\\\\Users\\\\Admin\\\\OneDrive\\\\Desktop\\\\kedos-main\\\\dataconnect\": could not find dataconnect.yaml in `c:\\Users\\Admin\\OneDrive\\Desktop\\kedos-main\\dataconnect`\n"}}
[debug] [2026-05-20T07:16:54.353Z] E0520 12:46:54.353577   19356 watch.go:40] Failed to load config from "c:\\Users\\Admin\\OneDrive\\Desktop\\kedos-main\\dataconnect": could not find dataconnect.yaml in `c:\Users\Admin\OneDrive\Desktop\kedos-main\dataconnect`
 {"metadata":{"emulator":{"name":"dataconnect"},"message":"E0520 12:46:54.353577   19356 watch.go:40] Failed to load config from \"c:\\\\Users\\\\Admin\\\\OneDrive\\\\Desktop\\\\kedos-main\\\\dataconnect\": could not find dataconnect.yaml in `c:\\Users\\Admin\\OneDrive\\Desktop\\kedos-main\\dataconnect`\n"}}
[debug] [2026-05-20T07:17:04.353Z] E0520 12:47:04.353848   19356 watch.go:116] watchAllDir unable to walk dir `c:\Users\Admin\OneDrive\Desktop\kedos-main\dataconnect`: GetFileAttributesEx c:\Users\Admin\OneDrive\Desktop\kedos-main\dataconnect: The system cannot find the file specified.
 {"metadata":{"emulator":{"name":"dataconnect"},"message":"E0520 12:47:04.353848   19356 watch.go:116] watchAllDir unable to walk dir `c:\\Users\\Admin\\OneDrive\\Desktop\\kedos-main\\dataconnect`: GetFileAttributesEx c:\\Users\\Admin\\OneDrive\\Desktop\\kedos-main\\dataconnect: The system cannot find the file specified.\n"}}
[debug] [2026-05-20T07:17:04.354Z] E0520 12:47:04.354376   19356 watch.go:40] Failed to load config from "c:\\Users\\Admin\\OneDrive\\Desktop\\kedos-main\\dataconnect": could not find dataconnect.yaml in `c:\Users\Admin\OneDrive\Desktop\kedos-main\dataconnect`
 {"metadata":{"emulator":{"name":"dataconnect"},"message":"E0520 12:47:04.354376   19356 watch.go:40] Failed to load config from \"c:\\\\Users\\\\Admin\\\\OneDrive\\\\Desktop\\\\kedos-main\\\\dataconnect\": could not find dataconnect.yaml in `c:\\Users\\Admin\\OneDrive\\Desktop\\kedos-main\\dataconnect`\n"}}
[debug] [2026-05-20T07:17:14.354Z] E0520 12:47:14.354028   19356 watch.go:40] Failed to load config from "c:\\Users\\Admin\\OneDrive\\Desktop\\kedos-main\\dataconnect": could not find dataconnect.yaml in `c:\Users\Admin\OneDrive\Desktop\kedos-main\dataconnect`
 {"metadata":{"emulator":{"name":"dataconnect"},"message":"E0520 12:47:14.354028   19356 watch.go:40] Failed to load config from \"c:\\\\Users\\\\Admin\\\\OneDrive\\\\Desktop\\\\kedos-main\\\\dataconnect\": could not find dataconnect.yaml in `c:\\Users\\Admin\\OneDrive\\Desktop\\kedos-main\\dataconnect`\n"}}
[debug] [2026-05-20T07:17:24.378Z] E0520 12:47:24.378032   19356 watch.go:40] Failed to load config from "c:\\Users\\Admin\\OneDrive\\Desktop\\kedos-main\\dataconnect": could not find dataconnect.yaml in `c:\Users\Admin\OneDrive\Desktop\kedos-main\dataconnect`
 {"metadata":{"emulator":{"name":"dataconnect"},"message":"E0520 12:47:24.378032   19356 watch.go:40] Failed to load config from \"c:\\\\Users\\\\Admin\\\\OneDrive\\\\Desktop\\\\kedos-main\\\\dataconnect\": could not find dataconnect.yaml in `c:\\Users\\Admin\\OneDrive\\Desktop\\kedos-main\\dataconnect`\n"}}
[debug] [2026-05-20T07:17:34.354Z] E0520 12:47:34.354202   19356 watch.go:40] Failed to load config from "c:\\Users\\Admin\\OneDrive\\Desktop\\kedos-main\\dataconnect": could not find dataconnect.yaml in `c:\Users\Admin\OneDrive\Desktop\kedos-main\dataconnect`
 {"metadata":{"emulator":{"name":"dataconnect"},"message":"E0520 12:47:34.354202   19356 watch.go:40] Failed to load config from \"c:\\\\Users\\\\Admin\\\\OneDrive\\\\Desktop\\\\kedos-main\\\\dataconnect\": could not find dataconnect.yaml in `c:\\Users\\Admin\\OneDrive\\Desktop\\kedos-main\\dataconnect`\n"}}
[debug] [2026-05-20T07:17:44.354Z] E0520 12:47:44.354089   19356 watch.go:40] Failed to load config from "c:\\Users\\Admin\\OneDrive\\Desktop\\kedos-main\\dataconnect": could not find dataconnect.yaml in `c:\Users\Admin\OneDrive\Desktop\kedos-main\dataconnect`
 {"metadata":{"emulator":{"name":"dataconnect"},"message":"E0520 12:47:44.354089   19356 watch.go:40] Failed to load config from \"c:\\\\Users\\\\Admin\\\\OneDrive\\\\Desktop\\\\kedos-main\\\\dataconnect\": could not find dataconnect.yaml in `c:\\Users\\Admin\\OneDrive\\Desktop\\kedos-main\\dataconnect`\n"}}
[debug] [2026-05-20T07:17:54.355Z] E0520 12:47:54.354467   19356 watch.go:40] Failed to load config from "c:\\Users\\Admin\\OneDrive\\Desktop\\kedos-main\\dataconnect": could not find dataconnect.yaml in `c:\Users\Admin\OneDrive\Desktop\kedos-main\dataconnect`
 {"metadata":{"emulator":{"name":"dataconnect"},"message":"E0520 12:47:54.354467   19356 watch.go:40] Failed to load config from \"c:\\\\Users\\\\Admin\\\\OneDrive\\\\Desktop\\\\kedos-main\\\\dataconnect\": could not find dataconnect.yaml in `c:\\Users\\Admin\\OneDrive\\Desktop\\kedos-main\\dataconnect`\n"}}
[debug] [2026-05-20T07:18:04.354Z] E0520 12:48:04.353854   19356 watch.go:116] watchAllDir unable to walk dir `c:\Users\Admin\OneDrive\Desktop\kedos-main\dataconnect`: GetFileAttributesEx c:\Users\Admin\OneDrive\Desktop\kedos-main\dataconnect: The system cannot find the file specified.
 {"metadata":{"emulator":{"name":"dataconnect"},"message":"E0520 12:48:04.353854   19356 watch.go:116] watchAllDir unable to walk dir `c:\\Users\\Admin\\OneDrive\\Desktop\\kedos-main\\dataconnect`: GetFileAttributesEx c:\\Users\\Admin\\OneDrive\\Desktop\\kedos-main\\dataconnect: The system cannot find the file specified.\n"}}
[debug] [2026-05-20T07:18:04.354Z] E0520 12:48:04.353854   19356 watch.go:40] Failed to load config from "c:\\Users\\Admin\\OneDrive\\Desktop\\kedos-main\\dataconnect": could not find dataconnect.yaml in `c:\Users\Admin\OneDrive\Desktop\kedos-main\dataconnect`
 {"metadata":{"emulator":{"name":"dataconnect"},"message":"E0520 12:48:04.353854   19356 watch.go:40] Failed to load config from \"c:\\\\Users\\\\Admin\\\\OneDrive\\\\Desktop\\\\kedos-main\\\\dataconnect\": could not find dataconnect.yaml in `c:\\Users\\Admin\\OneDrive\\Desktop\\kedos-main\\dataconnect`\n"}}
[debug] [2026-05-20T07:18:14.354Z] E0520 12:48:14.354043   19356 watch.go:40] Failed to load config from "c:\\Users\\Admin\\OneDrive\\Desktop\\kedos-main\\dataconnect": could not find dataconnect.yaml in `c:\Users\Admin\OneDrive\Desktop\kedos-main\dataconnect`
 {"metadata":{"emulator":{"name":"dataconnect"},"message":"E0520 12:48:14.354043   19356 watch.go:40] Failed to load config from \"c:\\\\Users\\\\Admin\\\\OneDrive\\\\Desktop\\\\kedos-main\\\\dataconnect\": could not find dataconnect.yaml in `c:\\Users\\Admin\\OneDrive\\Desktop\\kedos-main\\dataconnect`\n"}}
[debug] [2026-05-20T07:18:24.354Z] E0520 12:48:24.354314   19356 watch.go:40] Failed to load config from "c:\\Users\\Admin\\OneDrive\\Desktop\\kedos-main\\dataconnect": could not find dataconnect.yaml in `c:\Users\Admin\OneDrive\Desktop\kedos-main\dataconnect`
 {"metadata":{"emulator":{"name":"dataconnect"},"message":"E0520 12:48:24.354314   19356 watch.go:40] Failed to load config from \"c:\\\\Users\\\\Admin\\\\OneDrive\\\\Desktop\\\\kedos-main\\\\dataconnect\": could not find dataconnect.yaml in `c:\\Users\\Admin\\OneDrive\\Desktop\\kedos-main\\dataconnect`\n"}}
[debug] [2026-05-20T07:18:34.354Z] E0520 12:48:34.354217   19356 watch.go:40] Failed to load config from "c:\\Users\\Admin\\OneDrive\\Desktop\\kedos-main\\dataconnect": could not find dataconnect.yaml in `c:\Users\Admin\OneDrive\Desktop\kedos-main\dataconnect`
 {"metadata":{"emulator":{"name":"dataconnect"},"message":"E0520 12:48:34.354217   19356 watch.go:40] Failed to load config from \"c:\\\\Users\\\\Admin\\\\OneDrive\\\\Desktop\\\\kedos-main\\\\dataconnect\": could not find dataconnect.yaml in `c:\\Users\\Admin\\OneDrive\\Desktop\\kedos-main\\dataconnect`\n"}}
[debug] [2026-05-20T07:18:44.353Z] E0520 12:48:44.353616   19356 watch.go:40] Failed to load config from "c:\\Users\\Admin\\OneDrive\\Desktop\\kedos-main\\dataconnect": could not find dataconnect.yaml in `c:\Users\Admin\OneDrive\Desktop\kedos-main\dataconnect`
 {"metadata":{"emulator":{"name":"dataconnect"},"message":"E0520 12:48:44.353616   19356 watch.go:40] Failed to load config from \"c:\\\\Users\\\\Admin\\\\OneDrive\\\\Desktop\\\\kedos-main\\\\dataconnect\": could not find dataconnect.yaml in `c:\\Users\\Admin\\OneDrive\\Desktop\\kedos-main\\dataconnect`\n"}}
[debug] [2026-05-20T07:18:54.354Z] E0520 12:48:54.354436   19356 watch.go:40] Failed to load config from "c:\\Users\\Admin\\OneDrive\\Desktop\\kedos-main\\dataconnect": could not find dataconnect.yaml in `c:\Users\Admin\OneDrive\Desktop\kedos-main\dataconnect`
 {"metadata":{"emulator":{"name":"dataconnect"},"message":"E0520 12:48:54.354436   19356 watch.go:40] Failed to load config from \"c:\\\\Users\\\\Admin\\\\OneDrive\\\\Desktop\\\\kedos-main\\\\dataconnect\": could not find dataconnect.yaml in `c:\\Users\\Admin\\OneDrive\\Desktop\\kedos-main\\dataconnect`\n"}}
[debug] [2026-05-20T07:19:04.353Z] E0520 12:49:04.353687   19356 watch.go:116] watchAllDir unable to walk dir `c:\Users\Admin\OneDrive\Desktop\kedos-main\dataconnect`: GetFileAttributesEx c:\Users\Admin\OneDrive\Desktop\kedos-main\dataconnect: The system cannot find the file specified.
 {"metadata":{"emulator":{"name":"dataconnect"},"message":"E0520 12:49:04.353687   19356 watch.go:116] watchAllDir unable to walk dir `c:\\Users\\Admin\\OneDrive\\Desktop\\kedos-main\\dataconnect`: GetFileAttributesEx c:\\Users\\Admin\\OneDrive\\Desktop\\kedos-main\\dataconnect: The system cannot find the file specified.\n"}}
[debug] [2026-05-20T07:19:04.354Z] E0520 12:49:04.353687   19356 watch.go:40] Failed to load config from "c:\\Users\\Admin\\OneDrive\\Desktop\\kedos-main\\dataconnect": could not find dataconnect.yaml in `c:\Users\Admin\OneDrive\Desktop\kedos-main\dataconnect`
 {"metadata":{"emulator":{"name":"dataconnect"},"message":"E0520 12:49:04.353687   19356 watch.go:40] Failed to load config from \"c:\\\\Users\\\\Admin\\\\OneDrive\\\\Desktop\\\\kedos-main\\\\dataconnect\": could not find dataconnect.yaml in `c:\\Users\\Admin\\OneDrive\\Desktop\\kedos-main\\dataconnect`\n"}}
[debug] [2026-05-20T07:19:14.353Z] E0520 12:49:14.354114   19356 watch.go:40] Failed to load config from "c:\\Users\\Admin\\OneDrive\\Desktop\\kedos-main\\dataconnect": could not find dataconnect.yaml in `c:\Users\Admin\OneDrive\Desktop\kedos-main\dataconnect`
 {"metadata":{"emulator":{"name":"dataconnect"},"message":"E0520 12:49:14.354114   19356 watch.go:40] Failed to load config from \"c:\\\\Users\\\\Admin\\\\OneDrive\\\\Desktop\\\\kedos-main\\\\dataconnect\": could not find dataconnect.yaml in `c:\\Users\\Admin\\OneDrive\\Desktop\\kedos-main\\dataconnect`\n"}}
[debug] [2026-05-20T07:19:24.354Z] E0520 12:49:24.354382   19356 watch.go:40] Failed to load config from "c:\\Users\\Admin\\OneDrive\\Desktop\\kedos-main\\dataconnect": could not find dataconnect.yaml in `c:\Users\Admin\OneDrive\Desktop\kedos-main\dataconnect`
 {"metadata":{"emulator":{"name":"dataconnect"},"message":"E0520 12:49:24.354382   19356 watch.go:40] Failed to load config from \"c:\\\\Users\\\\Admin\\\\OneDrive\\\\Desktop\\\\kedos-main\\\\dataconnect\": could not find dataconnect.yaml in `c:\\Users\\Admin\\OneDrive\\Desktop\\kedos-main\\dataconnect`\n"}}
[debug] [2026-05-20T07:19:34.354Z] E0520 12:49:34.354899   19356 watch.go:40] Failed to load config from "c:\\Users\\Admin\\OneDrive\\Desktop\\kedos-main\\dataconnect": could not find dataconnect.yaml in `c:\Users\Admin\OneDrive\Desktop\kedos-main\dataconnect`
 {"metadata":{"emulator":{"name":"dataconnect"},"message":"E0520 12:49:34.354899   19356 watch.go:40] Failed to load config from \"c:\\\\Users\\\\Admin\\\\OneDrive\\\\Desktop\\\\kedos-main\\\\dataconnect\": could not find dataconnect.yaml in `c:\\Users\\Admin\\OneDrive\\Desktop\\kedos-main\\dataconnect`\n"}}
[debug] [2026-05-20T07:19:44.354Z] E0520 12:49:44.353632   19356 watch.go:40] Failed to load config from "c:\\Users\\Admin\\OneDrive\\Desktop\\kedos-main\\dataconnect": could not find dataconnect.yaml in `c:\Users\Admin\OneDrive\Desktop\kedos-main\dataconnect`
 {"metadata":{"emulator":{"name":"dataconnect"},"message":"E0520 12:49:44.353632   19356 watch.go:40] Failed to load config from \"c:\\\\Users\\\\Admin\\\\OneDrive\\\\Desktop\\\\kedos-main\\\\dataconnect\": could not find dataconnect.yaml in `c:\\Users\\Admin\\OneDrive\\Desktop\\kedos-main\\dataconnect`\n"}}
[debug] [2026-05-20T07:19:54.354Z] E0520 12:49:54.353925   19356 watch.go:40] Failed to load config from "c:\\Users\\Admin\\OneDrive\\Desktop\\kedos-main\\dataconnect": could not find dataconnect.yaml in `c:\Users\Admin\OneDrive\Desktop\kedos-main\dataconnect`
 {"metadata":{"emulator":{"name":"dataconnect"},"message":"E0520 12:49:54.353925   19356 watch.go:40] Failed to load config from \"c:\\\\Users\\\\Admin\\\\OneDrive\\\\Desktop\\\\kedos-main\\\\dataconnect\": could not find dataconnect.yaml in `c:\\Users\\Admin\\OneDrive\\Desktop\\kedos-main\\dataconnect`\n"}}
[debug] [2026-05-20T07:20:04.353Z] E0520 12:50:04.353539   19356 watch.go:116] watchAllDir unable to walk dir `c:\Users\Admin\OneDrive\Desktop\kedos-main\dataconnect`: GetFileAttributesEx c:\Users\Admin\OneDrive\Desktop\kedos-main\dataconnect: The system cannot find the file specified.
 {"metadata":{"emulator":{"name":"dataconnect"},"message":"E0520 12:50:04.353539   19356 watch.go:116] watchAllDir unable to walk dir `c:\\Users\\Admin\\OneDrive\\Desktop\\kedos-main\\dataconnect`: GetFileAttributesEx c:\\Users\\Admin\\OneDrive\\Desktop\\kedos-main\\dataconnect: The system cannot find the file specified.\n"}}
[debug] [2026-05-20T07:20:04.354Z] E0520 12:50:04.354539   19356 watch.go:40] Failed to load config from "c:\\Users\\Admin\\OneDrive\\Desktop\\kedos-main\\dataconnect": could not find dataconnect.yaml in `c:\Users\Admin\OneDrive\Desktop\kedos-main\dataconnect`
 {"metadata":{"emulator":{"name":"dataconnect"},"message":"E0520 12:50:04.354539   19356 watch.go:40] Failed to load config from \"c:\\\\Users\\\\Admin\\\\OneDrive\\\\Desktop\\\\kedos-main\\\\dataconnect\": could not find dataconnect.yaml in `c:\\Users\\Admin\\OneDrive\\Desktop\\kedos-main\\dataconnect`\n"}}
[debug] [2026-05-20T07:20:14.354Z] E0520 12:50:14.353640   19356 watch.go:40] Failed to load config from "c:\\Users\\Admin\\OneDrive\\Desktop\\kedos-main\\dataconnect": could not find dataconnect.yaml in `c:\Users\Admin\OneDrive\Desktop\kedos-main\dataconnect`
 {"metadata":{"emulator":{"name":"dataconnect"},"message":"E0520 12:50:14.353640   19356 watch.go:40] Failed to load config from \"c:\\\\Users\\\\Admin\\\\OneDrive\\\\Desktop\\\\kedos-main\\\\dataconnect\": could not find dataconnect.yaml in `c:\\Users\\Admin\\OneDrive\\Desktop\\kedos-main\\dataconnect`\n"}}
[debug] [2026-05-20T07:20:24.354Z] E0520 12:50:24.354400   19356 watch.go:40] Failed to load config from "c:\\Users\\Admin\\OneDrive\\Desktop\\kedos-main\\dataconnect": could not find dataconnect.yaml in `c:\Users\Admin\OneDrive\Desktop\kedos-main\dataconnect`
 {"metadata":{"emulator":{"name":"dataconnect"},"message":"E0520 12:50:24.354400   19356 watch.go:40] Failed to load config from \"c:\\\\Users\\\\Admin\\\\OneDrive\\\\Desktop\\\\kedos-main\\\\dataconnect\": could not find dataconnect.yaml in `c:\\Users\\Admin\\OneDrive\\Desktop\\kedos-main\\dataconnect`\n"}}
[debug] [2026-05-20T07:20:34.354Z] E0520 12:50:34.354501   19356 watch.go:40] Failed to load config from "c:\\Users\\Admin\\OneDrive\\Desktop\\kedos-main\\dataconnect": could not find dataconnect.yaml in `c:\Users\Admin\OneDrive\Desktop\kedos-main\dataconnect`
 {"metadata":{"emulator":{"name":"dataconnect"},"message":"E0520 12:50:34.354501   19356 watch.go:40] Failed to load config from \"c:\\\\Users\\\\Admin\\\\OneDrive\\\\Desktop\\\\kedos-main\\\\dataconnect\": could not find dataconnect.yaml in `c:\\Users\\Admin\\OneDrive\\Desktop\\kedos-main\\dataconnect`\n"}}
[debug] [2026-05-20T07:20:44.354Z] E0520 12:50:44.354368   19356 watch.go:40] Failed to load config from "c:\\Users\\Admin\\OneDrive\\Desktop\\kedos-main\\dataconnect": could not find dataconnect.yaml in `c:\Users\Admin\OneDrive\Desktop\kedos-main\dataconnect`
 {"metadata":{"emulator":{"name":"dataconnect"},"message":"E0520 12:50:44.354368   19356 watch.go:40] Failed to load config from \"c:\\\\Users\\\\Admin\\\\OneDrive\\\\Desktop\\\\kedos-main\\\\dataconnect\": could not find dataconnect.yaml in `c:\\Users\\Admin\\OneDrive\\Desktop\\kedos-main\\dataconnect`\n"}}
[debug] [2026-05-20T07:20:54.353Z] E0520 12:50:54.353677   19356 watch.go:40] Failed to load config from "c:\\Users\\Admin\\OneDrive\\Desktop\\kedos-main\\dataconnect": could not find dataconnect.yaml in `c:\Users\Admin\OneDrive\Desktop\kedos-main\dataconnect`
 {"metadata":{"emulator":{"name":"dataconnect"},"message":"E0520 12:50:54.353677   19356 watch.go:40] Failed to load config from \"c:\\\\Users\\\\Admin\\\\OneDrive\\\\Desktop\\\\kedos-main\\\\dataconnect\": could not find dataconnect.yaml in `c:\\Users\\Admin\\OneDrive\\Desktop\\kedos-main\\dataconnect`\n"}}
[debug] [2026-05-20T07:21:04.353Z] E0520 12:51:04.353807   19356 watch.go:116] watchAllDir unable to walk dir `c:\Users\Admin\OneDrive\Desktop\kedos-main\dataconnect`: GetFileAttributesEx c:\Users\Admin\OneDrive\Desktop\kedos-main\dataconnect: The system cannot find the file specified.
 {"metadata":{"emulator":{"name":"dataconnect"},"message":"E0520 12:51:04.353807   19356 watch.go:116] watchAllDir unable to walk dir `c:\\Users\\Admin\\OneDrive\\Desktop\\kedos-main\\dataconnect`: GetFileAttributesEx c:\\Users\\Admin\\OneDrive\\Desktop\\kedos-main\\dataconnect: The system cannot find the file specified.\n"}}
[debug] [2026-05-20T07:21:04.354Z] E0520 12:51:04.353807   19356 watch.go:40] Failed to load config from "c:\\Users\\Admin\\OneDrive\\Desktop\\kedos-main\\dataconnect": could not find dataconnect.yaml in `c:\Users\Admin\OneDrive\Desktop\kedos-main\dataconnect`
 {"metadata":{"emulator":{"name":"dataconnect"},"message":"E0520 12:51:04.353807   19356 watch.go:40] Failed to load config from \"c:\\\\Users\\\\Admin\\\\OneDrive\\\\Desktop\\\\kedos-main\\\\dataconnect\": could not find dataconnect.yaml in `c:\\Users\\Admin\\OneDrive\\Desktop\\kedos-main\\dataconnect`\n"}}
[debug] [2026-05-20T07:21:14.354Z] E0520 12:51:14.354525   19356 watch.go:40] Failed to load config from "c:\\Users\\Admin\\OneDrive\\Desktop\\kedos-main\\dataconnect": could not find dataconnect.yaml in `c:\Users\Admin\OneDrive\Desktop\kedos-main\dataconnect`
 {"metadata":{"emulator":{"name":"dataconnect"},"message":"E0520 12:51:14.354525   19356 watch.go:40] Failed to load config from \"c:\\\\Users\\\\Admin\\\\OneDrive\\\\Desktop\\\\kedos-main\\\\dataconnect\": could not find dataconnect.yaml in `c:\\Users\\Admin\\OneDrive\\Desktop\\kedos-main\\dataconnect`\n"}}
[debug] [2026-05-20T07:21:24.354Z] E0520 12:51:24.354553   19356 watch.go:40] Failed to load config from "c:\\Users\\Admin\\OneDrive\\Desktop\\kedos-main\\dataconnect": could not find dataconnect.yaml in `c:\Users\Admin\OneDrive\Desktop\kedos-main\dataconnect`
 {"metadata":{"emulator":{"name":"dataconnect"},"message":"E0520 12:51:24.354553   19356 watch.go:40] Failed to load config from \"c:\\\\Users\\\\Admin\\\\OneDrive\\\\Desktop\\\\kedos-main\\\\dataconnect\": could not find dataconnect.yaml in `c:\\Users\\Admin\\OneDrive\\Desktop\\kedos-main\\dataconnect`\n"}}
[debug] [2026-05-20T07:21:34.353Z] E0520 12:51:34.354107   19356 watch.go:40] Failed to load config from "c:\\Users\\Admin\\OneDrive\\Desktop\\kedos-main\\dataconnect": could not find dataconnect.yaml in `c:\Users\Admin\OneDrive\Desktop\kedos-main\dataconnect`
 {"metadata":{"emulator":{"name":"dataconnect"},"message":"E0520 12:51:34.354107   19356 watch.go:40] Failed to load config from \"c:\\\\Users\\\\Admin\\\\OneDrive\\\\Desktop\\\\kedos-main\\\\dataconnect\": could not find dataconnect.yaml in `c:\\Users\\Admin\\OneDrive\\Desktop\\kedos-main\\dataconnect`\n"}}
[debug] [2026-05-20T07:21:44.353Z] E0520 12:51:44.353823   19356 watch.go:40] Failed to load config from "c:\\Users\\Admin\\OneDrive\\Desktop\\kedos-main\\dataconnect": could not find dataconnect.yaml in `c:\Users\Admin\OneDrive\Desktop\kedos-main\dataconnect`
 {"metadata":{"emulator":{"name":"dataconnect"},"message":"E0520 12:51:44.353823   19356 watch.go:40] Failed to load config from \"c:\\\\Users\\\\Admin\\\\OneDrive\\\\Desktop\\\\kedos-main\\\\dataconnect\": could not find dataconnect.yaml in `c:\\Users\\Admin\\OneDrive\\Desktop\\kedos-main\\dataconnect`\n"}}
[debug] [2026-05-20T07:21:54.353Z] E0520 12:51:54.353622   19356 watch.go:40] Failed to load config from "c:\\Users\\Admin\\OneDrive\\Desktop\\kedos-main\\dataconnect": could not find dataconnect.yaml in `c:\Users\Admin\OneDrive\Desktop\kedos-main\dataconnect`
 {"metadata":{"emulator":{"name":"dataconnect"},"message":"E0520 12:51:54.353622   19356 watch.go:40] Failed to load config from \"c:\\\\Users\\\\Admin\\\\OneDrive\\\\Desktop\\\\kedos-main\\\\dataconnect\": could not find dataconnect.yaml in `c:\\Users\\Admin\\OneDrive\\Desktop\\kedos-main\\dataconnect`\n"}}
[debug] [2026-05-20T07:22:04.353Z] E0520 12:52:04.354080   19356 watch.go:116] watchAllDir unable to walk dir `c:\Users\Admin\OneDrive\Desktop\kedos-main\dataconnect`: GetFileAttributesEx c:\Users\Admin\OneDrive\Desktop\kedos-main\dataconnect: The system cannot find the file specified.
 {"metadata":{"emulator":{"name":"dataconnect"},"message":"E0520 12:52:04.354080   19356 watch.go:116] watchAllDir unable to walk dir `c:\\Users\\Admin\\OneDrive\\Desktop\\kedos-main\\dataconnect`: GetFileAttributesEx c:\\Users\\Admin\\OneDrive\\Desktop\\kedos-main\\dataconnect: The system cannot find the file specified.\n"}}
[debug] [2026-05-20T07:22:04.354Z] E0520 12:52:04.354080   19356 watch.go:40] Failed to load config from "c:\\Users\\Admin\\OneDrive\\Desktop\\kedos-main\\dataconnect": could not find dataconnect.yaml in `c:\Users\Admin\OneDrive\Desktop\kedos-main\dataconnect`
 {"metadata":{"emulator":{"name":"dataconnect"},"message":"E0520 12:52:04.354080   19356 watch.go:40] Failed to load config from \"c:\\\\Users\\\\Admin\\\\OneDrive\\\\Desktop\\\\kedos-main\\\\dataconnect\": could not find dataconnect.yaml in `c:\\Users\\Admin\\OneDrive\\Desktop\\kedos-main\\dataconnect`\n"}}
[debug] [2026-05-20T07:22:14.354Z] E0520 12:52:14.354159   19356 watch.go:40] Failed to load config from "c:\\Users\\Admin\\OneDrive\\Desktop\\kedos-main\\dataconnect": could not find dataconnect.yaml in `c:\Users\Admin\OneDrive\Desktop\kedos-main\dataconnect`
 {"metadata":{"emulator":{"name":"dataconnect"},"message":"E0520 12:52:14.354159   19356 watch.go:40] Failed to load config from \"c:\\\\Users\\\\Admin\\\\OneDrive\\\\Desktop\\\\kedos-main\\\\dataconnect\": could not find dataconnect.yaml in `c:\\Users\\Admin\\OneDrive\\Desktop\\kedos-main\\dataconnect`\n"}}
[debug] [2026-05-20T07:22:24.354Z] E0520 12:52:24.354385   19356 watch.go:40] Failed to load config from "c:\\Users\\Admin\\OneDrive\\Desktop\\kedos-main\\dataconnect": could not find dataconnect.yaml in `c:\Users\Admin\OneDrive\Desktop\kedos-main\dataconnect`
 {"metadata":{"emulator":{"name":"dataconnect"},"message":"E0520 12:52:24.354385   19356 watch.go:40] Failed to load config from \"c:\\\\Users\\\\Admin\\\\OneDrive\\\\Desktop\\\\kedos-main\\\\dataconnect\": could not find dataconnect.yaml in `c:\\Users\\Admin\\OneDrive\\Desktop\\kedos-main\\dataconnect`\n"}}
[debug] [2026-05-20T07:22:34.354Z] E0520 12:52:34.354457   19356 watch.go:40] Failed to load config from "c:\\Users\\Admin\\OneDrive\\Desktop\\kedos-main\\dataconnect": could not find dataconnect.yaml in `c:\Users\Admin\OneDrive\Desktop\kedos-main\dataconnect`
 {"metadata":{"emulator":{"name":"dataconnect"},"message":"E0520 12:52:34.354457   19356 watch.go:40] Failed to load config from \"c:\\\\Users\\\\Admin\\\\OneDrive\\\\Desktop\\\\kedos-main\\\\dataconnect\": could not find dataconnect.yaml in `c:\\Users\\Admin\\OneDrive\\Desktop\\kedos-main\\dataconnect`\n"}}
[debug] [2026-05-20T07:22:44.353Z] E0520 12:52:44.354088   19356 watch.go:40] Failed to load config from "c:\\Users\\Admin\\OneDrive\\Desktop\\kedos-main\\dataconnect": could not find dataconnect.yaml in `c:\Users\Admin\OneDrive\Desktop\kedos-main\dataconnect`
 {"metadata":{"emulator":{"name":"dataconnect"},"message":"E0520 12:52:44.354088   19356 watch.go:40] Failed to load config from \"c:\\\\Users\\\\Admin\\\\OneDrive\\\\Desktop\\\\kedos-main\\\\dataconnect\": could not find dataconnect.yaml in `c:\\Users\\Admin\\OneDrive\\Desktop\\kedos-main\\dataconnect`\n"}}
[debug] [2026-05-20T07:22:54.354Z] E0520 12:52:54.354188   19356 watch.go:40] Failed to load config from "c:\\Users\\Admin\\OneDrive\\Desktop\\kedos-main\\dataconnect": could not find dataconnect.yaml in `c:\Users\Admin\OneDrive\Desktop\kedos-main\dataconnect`
 {"metadata":{"emulator":{"name":"dataconnect"},"message":"E0520 12:52:54.354188   19356 watch.go:40] Failed to load config from \"c:\\\\Users\\\\Admin\\\\OneDrive\\\\Desktop\\\\kedos-main\\\\dataconnect\": could not find dataconnect.yaml in `c:\\Users\\Admin\\OneDrive\\Desktop\\kedos-main\\dataconnect`\n"}}
[debug] [2026-05-20T07:23:04.353Z] E0520 12:53:04.354071   19356 watch.go:116] watchAllDir unable to walk dir `c:\Users\Admin\OneDrive\Desktop\kedos-main\dataconnect`: GetFileAttributesEx c:\Users\Admin\OneDrive\Desktop\kedos-main\dataconnect: The system cannot find the file specified.
 {"metadata":{"emulator":{"name":"dataconnect"},"message":"E0520 12:53:04.354071   19356 watch.go:116] watchAllDir unable to walk dir `c:\\Users\\Admin\\OneDrive\\Desktop\\kedos-main\\dataconnect`: GetFileAttributesEx c:\\Users\\Admin\\OneDrive\\Desktop\\kedos-main\\dataconnect: The system cannot find the file specified.\n"}}
[debug] [2026-05-20T07:23:04.354Z] E0520 12:53:04.354071   19356 watch.go:40] Failed to load config from "c:\\Users\\Admin\\OneDrive\\Desktop\\kedos-main\\dataconnect": could not find dataconnect.yaml in `c:\Users\Admin\OneDrive\Desktop\kedos-main\dataconnect`
 {"metadata":{"emulator":{"name":"dataconnect"},"message":"E0520 12:53:04.354071   19356 watch.go:40] Failed to load config from \"c:\\\\Users\\\\Admin\\\\OneDrive\\\\Desktop\\\\kedos-main\\\\dataconnect\": could not find dataconnect.yaml in `c:\\Users\\Admin\\OneDrive\\Desktop\\kedos-main\\dataconnect`\n"}}
[debug] [2026-05-20T07:23:14.388Z] E0520 12:53:14.388622   19356 watch.go:40] Failed to load config from "c:\\Users\\Admin\\OneDrive\\Desktop\\kedos-main\\dataconnect": could not find dataconnect.yaml in `c:\Users\Admin\OneDrive\Desktop\kedos-main\dataconnect`
 {"metadata":{"emulator":{"name":"dataconnect"},"message":"E0520 12:53:14.388622   19356 watch.go:40] Failed to load config from \"c:\\\\Users\\\\Admin\\\\OneDrive\\\\Desktop\\\\kedos-main\\\\dataconnect\": could not find dataconnect.yaml in `c:\\Users\\Admin\\OneDrive\\Desktop\\kedos-main\\dataconnect`\n"}}
[debug] [2026-05-20T07:23:24.354Z] E0520 12:53:24.354556   19356 watch.go:40] Failed to load config from "c:\\Users\\Admin\\OneDrive\\Desktop\\kedos-main\\dataconnect": could not find dataconnect.yaml in `c:\Users\Admin\OneDrive\Desktop\kedos-main\dataconnect`
 {"metadata":{"emulator":{"name":"dataconnect"},"message":"E0520 12:53:24.354556   19356 watch.go:40] Failed to load config from \"c:\\\\Users\\\\Admin\\\\OneDrive\\\\Desktop\\\\kedos-main\\\\dataconnect\": could not find dataconnect.yaml in `c:\\Users\\Admin\\OneDrive\\Desktop\\kedos-main\\dataconnect`\n"}}
[debug] [2026-05-20T07:23:34.354Z] E0520 12:53:34.354339   19356 watch.go:40] Failed to load config from "c:\\Users\\Admin\\OneDrive\\Desktop\\kedos-main\\dataconnect": could not find dataconnect.yaml in `c:\Users\Admin\OneDrive\Desktop\kedos-main\dataconnect`
 {"metadata":{"emulator":{"name":"dataconnect"},"message":"E0520 12:53:34.354339   19356 watch.go:40] Failed to load config from \"c:\\\\Users\\\\Admin\\\\OneDrive\\\\Desktop\\\\kedos-main\\\\dataconnect\": could not find dataconnect.yaml in `c:\\Users\\Admin\\OneDrive\\Desktop\\kedos-main\\dataconnect`\n"}}
[debug] [2026-05-20T07:23:44.354Z] E0520 12:53:44.353561   19356 watch.go:40] Failed to load config from "c:\\Users\\Admin\\OneDrive\\Desktop\\kedos-main\\dataconnect": could not find dataconnect.yaml in `c:\Users\Admin\OneDrive\Desktop\kedos-main\dataconnect`
 {"metadata":{"emulator":{"name":"dataconnect"},"message":"E0520 12:53:44.353561   19356 watch.go:40] Failed to load config from \"c:\\\\Users\\\\Admin\\\\OneDrive\\\\Desktop\\\\kedos-main\\\\dataconnect\": could not find dataconnect.yaml in `c:\\Users\\Admin\\OneDrive\\Desktop\\kedos-main\\dataconnect`\n"}}
[debug] [2026-05-20T07:23:54.354Z] E0520 12:53:54.354107   19356 watch.go:40] Failed to load config from "c:\\Users\\Admin\\OneDrive\\Desktop\\kedos-main\\dataconnect": could not find dataconnect.yaml in `c:\Users\Admin\OneDrive\Desktop\kedos-main\dataconnect`
 {"metadata":{"emulator":{"name":"dataconnect"},"message":"E0520 12:53:54.354107   19356 watch.go:40] Failed to load config from \"c:\\\\Users\\\\Admin\\\\OneDrive\\\\Desktop\\\\kedos-main\\\\dataconnect\": could not find dataconnect.yaml in `c:\\Users\\Admin\\OneDrive\\Desktop\\kedos-main\\dataconnect`\n"}}
[debug] [2026-05-20T07:24:04.354Z] E0520 12:54:04.354172   19356 watch.go:116] watchAllDir unable to walk dir `c:\Users\Admin\OneDrive\Desktop\kedos-main\dataconnect`: GetFileAttributesEx c:\Users\Admin\OneDrive\Desktop\kedos-main\dataconnect: The system cannot find the file specified.
 {"metadata":{"emulator":{"name":"dataconnect"},"message":"E0520 12:54:04.354172   19356 watch.go:116] watchAllDir unable to walk dir `c:\\Users\\Admin\\OneDrive\\Desktop\\kedos-main\\dataconnect`: GetFileAttributesEx c:\\Users\\Admin\\OneDrive\\Desktop\\kedos-main\\dataconnect: The system cannot find the file specified.\n"}}
[debug] [2026-05-20T07:24:04.354Z] E0520 12:54:04.354172   19356 watch.go:40] Failed to load config from "c:\\Users\\Admin\\OneDrive\\Desktop\\kedos-main\\dataconnect": could not find dataconnect.yaml in `c:\Users\Admin\OneDrive\Desktop\kedos-main\dataconnect`
 {"metadata":{"emulator":{"name":"dataconnect"},"message":"E0520 12:54:04.354172   19356 watch.go:40] Failed to load config from \"c:\\\\Users\\\\Admin\\\\OneDrive\\\\Desktop\\\\kedos-main\\\\dataconnect\": could not find dataconnect.yaml in `c:\\Users\\Admin\\OneDrive\\Desktop\\kedos-main\\dataconnect`\n"}}
[debug] [2026-05-20T07:24:14.354Z] E0520 12:54:14.354509   19356 watch.go:40] Failed to load config from "c:\\Users\\Admin\\OneDrive\\Desktop\\kedos-main\\dataconnect": could not find dataconnect.yaml in `c:\Users\Admin\OneDrive\Desktop\kedos-main\dataconnect`
 {"metadata":{"emulator":{"name":"dataconnect"},"message":"E0520 12:54:14.354509   19356 watch.go:40] Failed to load config from \"c:\\\\Users\\\\Admin\\\\OneDrive\\\\Desktop\\\\kedos-main\\\\dataconnect\": could not find dataconnect.yaml in `c:\\Users\\Admin\\OneDrive\\Desktop\\kedos-main\\dataconnect`\n"}}
[debug] [2026-05-20T07:24:24.354Z] E0520 12:54:24.353649   19356 watch.go:40] Failed to load config from "c:\\Users\\Admin\\OneDrive\\Desktop\\kedos-main\\dataconnect": could not find dataconnect.yaml in `c:\Users\Admin\OneDrive\Desktop\kedos-main\dataconnect`
 {"metadata":{"emulator":{"name":"dataconnect"},"message":"E0520 12:54:24.353649   19356 watch.go:40] Failed to load config from \"c:\\\\Users\\\\Admin\\\\OneDrive\\\\Desktop\\\\kedos-main\\\\dataconnect\": could not find dataconnect.yaml in `c:\\Users\\Admin\\OneDrive\\Desktop\\kedos-main\\dataconnect`\n"}}
[debug] [2026-05-20T07:24:34.354Z] E0520 12:54:34.353998   19356 watch.go:40] Failed to load config from "c:\\Users\\Admin\\OneDrive\\Desktop\\kedos-main\\dataconnect": could not find dataconnect.yaml in `c:\Users\Admin\OneDrive\Desktop\kedos-main\dataconnect`
 {"metadata":{"emulator":{"name":"dataconnect"},"message":"E0520 12:54:34.353998   19356 watch.go:40] Failed to load config from \"c:\\\\Users\\\\Admin\\\\OneDrive\\\\Desktop\\\\kedos-main\\\\dataconnect\": could not find dataconnect.yaml in `c:\\Users\\Admin\\OneDrive\\Desktop\\kedos-main\\dataconnect`\n"}}
[debug] [2026-05-20T07:24:44.353Z] E0520 12:54:44.353882   19356 watch.go:40] Failed to load config from "c:\\Users\\Admin\\OneDrive\\Desktop\\kedos-main\\dataconnect": could not find dataconnect.yaml in `c:\Users\Admin\OneDrive\Desktop\kedos-main\dataconnect`
 {"metadata":{"emulator":{"name":"dataconnect"},"message":"E0520 12:54:44.353882   19356 watch.go:40] Failed to load config from \"c:\\\\Users\\\\Admin\\\\OneDrive\\\\Desktop\\\\kedos-main\\\\dataconnect\": could not find dataconnect.yaml in `c:\\Users\\Admin\\OneDrive\\Desktop\\kedos-main\\dataconnect`\n"}}
[debug] [2026-05-20T07:24:54.354Z] E0520 12:54:54.354267   19356 watch.go:40] Failed to load config from "c:\\Users\\Admin\\OneDrive\\Desktop\\kedos-main\\dataconnect": could not find dataconnect.yaml in `c:\Users\Admin\OneDrive\Desktop\kedos-main\dataconnect`
 {"metadata":{"emulator":{"name":"dataconnect"},"message":"E0520 12:54:54.354267   19356 watch.go:40] Failed to load config from \"c:\\\\Users\\\\Admin\\\\OneDrive\\\\Desktop\\\\kedos-main\\\\dataconnect\": could not find dataconnect.yaml in `c:\\Users\\Admin\\OneDrive\\Desktop\\kedos-main\\dataconnect`\n"}}
[debug] [2026-05-20T07:25:04.352Z] E0520 12:55:04.353505   19356 watch.go:116] watchAllDir unable to walk dir `c:\Users\Admin\OneDrive\Desktop\kedos-main\dataconnect`: GetFileAttributesEx c:\Users\Admin\OneDrive\Desktop\kedos-main\dataconnect: The system cannot find the file specified.
 {"metadata":{"emulator":{"name":"dataconnect"},"message":"E0520 12:55:04.353505   19356 watch.go:116] watchAllDir unable to walk dir `c:\\Users\\Admin\\OneDrive\\Desktop\\kedos-main\\dataconnect`: GetFileAttributesEx c:\\Users\\Admin\\OneDrive\\Desktop\\kedos-main\\dataconnect: The system cannot find the file specified.\n"}}
[debug] [2026-05-20T07:25:04.353Z] E0520 12:55:04.353505   19356 watch.go:40] Failed to load config from "c:\\Users\\Admin\\OneDrive\\Desktop\\kedos-main\\dataconnect": could not find dataconnect.yaml in `c:\Users\Admin\OneDrive\Desktop\kedos-main\dataconnect`
 {"metadata":{"emulator":{"name":"dataconnect"},"message":"E0520 12:55:04.353505   19356 watch.go:40] Failed to load config from \"c:\\\\Users\\\\Admin\\\\OneDrive\\\\Desktop\\\\kedos-main\\\\dataconnect\": could not find dataconnect.yaml in `c:\\Users\\Admin\\OneDrive\\Desktop\\kedos-main\\dataconnect`\n"}}
[debug] [2026-05-20T07:25:14.354Z] E0520 12:55:14.354643   19356 watch.go:40] Failed to load config from "c:\\Users\\Admin\\OneDrive\\Desktop\\kedos-main\\dataconnect": could not find dataconnect.yaml in `c:\Users\Admin\OneDrive\Desktop\kedos-main\dataconnect`
 {"metadata":{"emulator":{"name":"dataconnect"},"message":"E0520 12:55:14.354643   19356 watch.go:40] Failed to load config from \"c:\\\\Users\\\\Admin\\\\OneDrive\\\\Desktop\\\\kedos-main\\\\dataconnect\": could not find dataconnect.yaml in `c:\\Users\\Admin\\OneDrive\\Desktop\\kedos-main\\dataconnect`\n"}}
[debug] [2026-05-20T07:25:24.353Z] E0520 12:55:24.353602   19356 watch.go:40] Failed to load config from "c:\\Users\\Admin\\OneDrive\\Desktop\\kedos-main\\dataconnect": could not find dataconnect.yaml in `c:\Users\Admin\OneDrive\Desktop\kedos-main\dataconnect`
 {"metadata":{"emulator":{"name":"dataconnect"},"message":"E0520 12:55:24.353602   19356 watch.go:40] Failed to load config from \"c:\\\\Users\\\\Admin\\\\OneDrive\\\\Desktop\\\\kedos-main\\\\dataconnect\": could not find dataconnect.yaml in `c:\\Users\\Admin\\OneDrive\\Desktop\\kedos-main\\dataconnect`\n"}}
[debug] [2026-05-20T07:25:34.353Z] E0520 12:55:34.353632   19356 watch.go:40] Failed to load config from "c:\\Users\\Admin\\OneDrive\\Desktop\\kedos-main\\dataconnect": could not find dataconnect.yaml in `c:\Users\Admin\OneDrive\Desktop\kedos-main\dataconnect`
 {"metadata":{"emulator":{"name":"dataconnect"},"message":"E0520 12:55:34.353632   19356 watch.go:40] Failed to load config from \"c:\\\\Users\\\\Admin\\\\OneDrive\\\\Desktop\\\\kedos-main\\\\dataconnect\": could not find dataconnect.yaml in `c:\\Users\\Admin\\OneDrive\\Desktop\\kedos-main\\dataconnect`\n"}}
[debug] [2026-05-20T07:25:44.354Z] E0520 12:55:44.354312   19356 watch.go:40] Failed to load config from "c:\\Users\\Admin\\OneDrive\\Desktop\\kedos-main\\dataconnect": could not find dataconnect.yaml in `c:\Users\Admin\OneDrive\Desktop\kedos-main\dataconnect`
 {"metadata":{"emulator":{"name":"dataconnect"},"message":"E0520 12:55:44.354312   19356 watch.go:40] Failed to load config from \"c:\\\\Users\\\\Admin\\\\OneDrive\\\\Desktop\\\\kedos-main\\\\dataconnect\": could not find dataconnect.yaml in `c:\\Users\\Admin\\OneDrive\\Desktop\\kedos-main\\dataconnect`\n"}}
[debug] [2026-05-20T07:25:54.353Z] E0520 12:55:54.353712   19356 watch.go:40] Failed to load config from "c:\\Users\\Admin\\OneDrive\\Desktop\\kedos-main\\dataconnect": could not find dataconnect.yaml in `c:\Users\Admin\OneDrive\Desktop\kedos-main\dataconnect`
 {"metadata":{"emulator":{"name":"dataconnect"},"message":"E0520 12:55:54.353712   19356 watch.go:40] Failed to load config from \"c:\\\\Users\\\\Admin\\\\OneDrive\\\\Desktop\\\\kedos-main\\\\dataconnect\": could not find dataconnect.yaml in `c:\\Users\\Admin\\OneDrive\\Desktop\\kedos-main\\dataconnect`\n"}}
[debug] [2026-05-20T07:26:04.353Z] E0520 12:56:04.354172   19356 watch.go:116] watchAllDir unable to walk dir `c:\Users\Admin\OneDrive\Desktop\kedos-main\dataconnect`: GetFileAttributesEx c:\Users\Admin\OneDrive\Desktop\kedos-main\dataconnect: The system cannot find the file specified.
 {"metadata":{"emulator":{"name":"dataconnect"},"message":"E0520 12:56:04.354172   19356 watch.go:116] watchAllDir unable to walk dir `c:\\Users\\Admin\\OneDrive\\Desktop\\kedos-main\\dataconnect`: GetFileAttributesEx c:\\Users\\Admin\\OneDrive\\Desktop\\kedos-main\\dataconnect: The system cannot find the file specified.\n"}}
[debug] [2026-05-20T07:26:04.354Z] E0520 12:56:04.354172   19356 watch.go:40] Failed to load config from "c:\\Users\\Admin\\OneDrive\\Desktop\\kedos-main\\dataconnect": could not find dataconnect.yaml in `c:\Users\Admin\OneDrive\Desktop\kedos-main\dataconnect`
 {"metadata":{"emulator":{"name":"dataconnect"},"message":"E0520 12:56:04.354172   19356 watch.go:40] Failed to load config from \"c:\\\\Users\\\\Admin\\\\OneDrive\\\\Desktop\\\\kedos-main\\\\dataconnect\": could not find dataconnect.yaml in `c:\\Users\\Admin\\OneDrive\\Desktop\\kedos-main\\dataconnect`\n"}}
[debug] [2026-05-20T07:26:14.353Z] E0520 12:56:14.353866   19356 watch.go:40] Failed to load config from "c:\\Users\\Admin\\OneDrive\\Desktop\\kedos-main\\dataconnect": could not find dataconnect.yaml in `c:\Users\Admin\OneDrive\Desktop\kedos-main\dataconnect`
 {"metadata":{"emulator":{"name":"dataconnect"},"message":"E0520 12:56:14.353866   19356 watch.go:40] Failed to load config from \"c:\\\\Users\\\\Admin\\\\OneDrive\\\\Desktop\\\\kedos-main\\\\dataconnect\": could not find dataconnect.yaml in `c:\\Users\\Admin\\OneDrive\\Desktop\\kedos-main\\dataconnect`\n"}}
[debug] [2026-05-20T07:26:24.353Z] E0520 12:56:24.353973   19356 watch.go:40] Failed to load config from "c:\\Users\\Admin\\OneDrive\\Desktop\\kedos-main\\dataconnect": could not find dataconnect.yaml in `c:\Users\Admin\OneDrive\Desktop\kedos-main\dataconnect`
 {"metadata":{"emulator":{"name":"dataconnect"},"message":"E0520 12:56:24.353973   19356 watch.go:40] Failed to load config from \"c:\\\\Users\\\\Admin\\\\OneDrive\\\\Desktop\\\\kedos-main\\\\dataconnect\": could not find dataconnect.yaml in `c:\\Users\\Admin\\OneDrive\\Desktop\\kedos-main\\dataconnect`\n"}}
[debug] [2026-05-20T07:26:34.354Z] E0520 12:56:34.353995   19356 watch.go:40] Failed to load config from "c:\\Users\\Admin\\OneDrive\\Desktop\\kedos-main\\dataconnect": could not find dataconnect.yaml in `c:\Users\Admin\OneDrive\Desktop\kedos-main\dataconnect`
 {"metadata":{"emulator":{"name":"dataconnect"},"message":"E0520 12:56:34.353995   19356 watch.go:40] Failed to load config from \"c:\\\\Users\\\\Admin\\\\OneDrive\\\\Desktop\\\\kedos-main\\\\dataconnect\": could not find dataconnect.yaml in `c:\\Users\\Admin\\OneDrive\\Desktop\\kedos-main\\dataconnect`\n"}}
[debug] [2026-05-20T07:26:44.354Z] E0520 12:56:44.354263   19356 watch.go:40] Failed to load config from "c:\\Users\\Admin\\OneDrive\\Desktop\\kedos-main\\dataconnect": could not find dataconnect.yaml in `c:\Users\Admin\OneDrive\Desktop\kedos-main\dataconnect`
 {"metadata":{"emulator":{"name":"dataconnect"},"message":"E0520 12:56:44.354263   19356 watch.go:40] Failed to load config from \"c:\\\\Users\\\\Admin\\\\OneDrive\\\\Desktop\\\\kedos-main\\\\dataconnect\": could not find dataconnect.yaml in `c:\\Users\\Admin\\OneDrive\\Desktop\\kedos-main\\dataconnect`\n"}}
[debug] [2026-05-20T07:26:54.353Z] E0520 12:56:54.354257   19356 watch.go:40] Failed to load config from "c:\\Users\\Admin\\OneDrive\\Desktop\\kedos-main\\dataconnect": could not find dataconnect.yaml in `c:\Users\Admin\OneDrive\Desktop\kedos-main\dataconnect`
 {"metadata":{"emulator":{"name":"dataconnect"},"message":"E0520 12:56:54.354257   19356 watch.go:40] Failed to load config from \"c:\\\\Users\\\\Admin\\\\OneDrive\\\\Desktop\\\\kedos-main\\\\dataconnect\": could not find dataconnect.yaml in `c:\\Users\\Admin\\OneDrive\\Desktop\\kedos-main\\dataconnect`\n"}}
